id_support,operateur,technologie,adresse,code_insee,coordonnees,type_support,hauteur_support,proprietaire_support,date_activ,action,infos,is_zb,is_new
1324252,BOUYGUES TELECOM,"LTE 700, LTE 2600, 5G NR 2100, 5G NR 3500",AVENUE CARNOT GARE SNCF 77140 ST PIERRE LES NEMOURS,77431,"48.2692,2.6842",Pylône autostable,"33,1m",HIVORY,,AJO,,False,False
1411566,BOUYGUES TELECOM,5G NR 3500,VC N°8 DE BREHAN-LOUDEAC AU RUISSEAU DE BEAUVAL (LANDES DU BOIS LAUNAY) 56580 BREHAN,56024,"48.0667,-2.7008",Pylône autostable,35m,TDF,2026-08-31,EXT,,False,False
1413361,BOUYGUES TELECOM,5G NR 3500,38/40 R DE GALILÉE 75116 PARIS 16,75116,"48.87,2.2967",Immeuble,"29,3m","Copropriété, Syndic, SCI",2026-09-09,EXT,,False,False
1442553,BOUYGUES TELECOM,LTE 2100,CHEMIN RURAL (LES CHAMBONS) 42720 VOUGY,42338,"46.0917,4.1144",Pylône autostable,25m,HIVORY,2021-11-02,AJR,,False,False
1442553,BOUYGUES TELECOM,LTE 700,CHEMIN RURAL (LES CHAMBONS) 42720 VOUGY,42338,"46.0917,4.1144",Pylône autostable,25m,HIVORY,,SUP,,False,False
1457021,BOUYGUES TELECOM,LTE 700, (LA COMBE) 01630 ST JEAN DE GONVILLE,01360,"46.2208,5.9617",Pylône autostable,28m,HIVORY,2026-09-21,AAV,,False,False
1461398,BOUYGUES TELECOM,LTE 2100,D 87 (LA MIVAIS) 76710 BOSC GUERARD ST ADRIEN,76123,"49.5389,1.1469",Pylône tubulaire,"30,5m",HIVORY,,AJO,,False,False
1467465,BOUYGUES TELECOM,"LTE 1800, LTE 2100, 5G NR 2100",CHEZ BRAILLY 69610 LES HALLES,69098,"45.7072,4.4319",Pylône autostable,27m,TDF,2026-09-03,EXT,,False,False
1475146,BOUYGUES TELECOM,"LTE 700, LTE 2600, 5G NR 2100",RD 113 (BOIS DE FROMESSENT) 62630 ETAPLES,62318,"50.5275,1.6844",Pylône autostable,45m,HIVORY,,SUP,,False,False
1483757,BOUYGUES TELECOM,"LTE 1800, 5G NR 2100", (PECH D'AUJOL) 46200 SOUILLAC,46309,"44.9039,1.4681",Pylône autostable,30m,TOTEM,,AJO,,False,False
1486333,BOUYGUES TELECOM,UMTS 2100,ROUTE DEPARTEMENTALE D210 (LES APPENTIS) 77130 FORGES,77194,"48.4203,2.9339",Pylône autostable,45m,SNCF Réseau,2017-06-28,AJR,,False,False
1486333,BOUYGUES TELECOM,LTE 2100,ROUTE DEPARTEMENTALE D210 (LES APPENTIS) 77130 FORGES,77194,"48.4203,2.9339",Pylône autostable,45m,SNCF Réseau,,SUP,,False,False
1518283,BOUYGUES TELECOM,LTE 2100,RUE DE PAULAT 03320 LURCY LEVIS,03155,"46.7244,2.9394",Pylône autostable,"23,3m",TDF,2022-10-27,AJR,,False,False
1518283,BOUYGUES TELECOM,LTE 700,RUE DE PAULAT 03320 LURCY LEVIS,03155,"46.7244,2.9394",Pylône autostable,"23,3m",TDF,,SUP,,False,False
1520772,BOUYGUES TELECOM,LTE 700,ROUTE DE SAINT GIROD CARRIÈRE COMMUNALE (LA CHAUDANNE) 73410 ENTRELACS,73010,"45.7822,5.9564",Pylône autostable,33m,ATC FRANCE,,SUP,,False,False
1522417,BOUYGUES TELECOM,LTE 2100,ROUTE DE SAINT GERMAIN D77 63570 BEAULIEU,63031,"45.4461,3.2778",Pylône autostable,14m,ATC FRANCE,2026-08-29,SUP,,False,False
1543122,BOUYGUES TELECOM,"LTE 1800, LTE 2600",4 R LEON GAMBETTA 59320 HAUBOURDIN,59286,"50.61,2.9825",Immeuble,"28,4m",Société HLM,2026-09-01,EXT,,False,False
1568700,BOUYGUES TELECOM,"LTE 700, LTE 1800, LTE 2100, 5G NR 2100",CORMERIEU (LA GRANDE PIECE) 38620 ST GEOIRE EN VALDAINE,38386,"45.4447,5.6408",Pylône autostable,20m,ATC FRANCE,,SUP,,True,False
1573968,BOUYGUES TELECOM,"LTE 700, 5G NR 2100",TER CHEM (LA RITOYE) 16220 ST SORNIN,16353,"45.685,0.4669",Pylône autostable,32m,HIVORY,,SUP,,False,False
1573979,BOUYGUES TELECOM,"LTE 700, 5G NR 2100",TER CHEM (LES MINARETS) 16410 BOUEX,16055,"45.6139,0.3281",Pylône autostable,32m,SFR,2026-09-13,SUP,,False,False
1583327,BOUYGUES TELECOM,LTE 700,0 CHEM RURAL N°2 (VILLE NEUVE) 72540 CHEMIRE EN CHARNIE,72074,"48.0522,-0.1881",Pylône autostable,32m,HIVORY,2026-09-12,EXT,,False,False
1584007,BOUYGUES TELECOM,LTE 700,CHEMIN RURAL N°10 (PILE) 26390 HAUTERIVES,26148,"45.2525,5.0478",Pylône tubulaire,"30,4m",ATC FRANCE,,SUP,,False,False
1598565,BOUYGUES TELECOM,LTE 700, (LA MOTTE) 29190 BRASPARTS,29016,"48.2919,-3.9672",Pylône autostable,40m,ATC FRANCE,2026-09-14,EXT,,False,False
1620466,BOUYGUES TELECOM,,RD 70 (LA ROCHE À MIRAUT) 89340 CHAMPIGNY,89074,"48.3056,3.1281",Pylône autostable,32m,HIVORY,2023-09-26,CHH,"30,3m",False,False
1621845,BOUYGUES TELECOM,"LTE 700, LTE 1800, LTE 2100, 5G NR 2100", (SALAMAN) 07700 ST MARCEL D ARDECHE,07264,"44.3319,4.6161",Pylône tubulaire,16m,ATC FRANCE,,SUP,,False,False
1625082,BOUYGUES TELECOM,"UMTS 900, LTE 800, LTE 2100", (LES PINATONS) 43590 BEAUZAC,43025,"45.255,4.1022",Pylône autostable,"29,2m",ATC FRANCE,,SUP,,False,True
1640031,BOUYGUES TELECOM,,CHEMIN DE GRELLET (MONTBABUT) 23420 MERINCHAL,23131,"45.9203,2.5403",Pylône autostable,40m,ATC FRANCE,2024-08-13,CHH,"35,5m",False,False
1652891,BOUYGUES TELECOM,5G NR 2100,CHEMIN DE MONTCHAUSSON (LES GRANDES TREVES) 69290 ST GENIS LES OLLIERES,69205,"45.7633,4.7103",Pylône autostable,"37,5m",HIVORY,2026-09-07,EXT,,False,False
1661757,BOUYGUES TELECOM,LTE 700,CHÂTEAU D'EAU (LE GRIVET) 89360 FLOGNY LA CHAPELLE,89169,"47.9544,3.8731",Château d'eau - réservoir,"30,4m","Commune, communauté de commune",2026-09-17,EXT,,False,False
1670278,BOUYGUES TELECOM,"LTE 700, 5G NR 2100",CHEM RURAL DE QUERCAMPS (BOIS D'ARIEZE) 62380 SENINGHEM,62788,"50.7103,2.0536",Pylône autostable,32m,TDF,,SUP,,False,False
1670691,BOUYGUES TELECOM,"GSM 900, UMTS 900, LTE 700, LTE 800, LTE 1800, LTE 2100, 5G NR 2100",RTE DE GUERFAND STADE DE FOOT 71620 ST MARTIN EN BRESSE,71456,"46.8103,5.0581",Pylône autostable,32m,HIVORY,2022-11-23,AJR,,False,True
1680048,BOUYGUES TELECOM,LTE 2100, (LE BUSTARD) 73200 CESARCHES,73061,"45.7122,6.4133",Pylône autostable,"28,5m",Société Privée,,SUP,,False,False
1689893,BOUYGUES TELECOM,LTE 2100,SEDE ENVIRONNEMENT ZA LA CROIX BAUDY 86220 INGRANDES,86111,"46.8539,0.5906",Pylône autostable,"14,5m",HIVORY,,AJO,,False,False
1693528,BOUYGUES TELECOM,LTE 2100, (LA PERDRILLÈRE) 61600 MAGNY LE DESERT,61243,"48.5503,-0.3183",Pylône autostable,"32,9m",HIVORY,2024-10-18,AJR,,False,False
1693528,BOUYGUES TELECOM,LTE 700, (LA PERDRILLÈRE) 61600 MAGNY LE DESERT,61243,"48.5503,-0.3183",Pylône autostable,"32,9m",HIVORY,,SUP,,False,False
1696853,BOUYGUES TELECOM,LTE 2100,RTE DE DYE À BERNOUIL (LES FOSSES) 89360 DYE,89149,"47.8975,3.8836",Pylône autostable,"44,5m",HIVORY,2022-08-31,AJR,,False,False
1696853,BOUYGUES TELECOM,LTE 700,RTE DE DYE À BERNOUIL (LES FOSSES) 89360 DYE,89149,"47.8975,3.8836",Pylône autostable,"44,5m",HIVORY,,SUP,,False,False
1707466,BOUYGUES TELECOM,LTE 2100,D 468 (HOHLACKER) 67630 NEEWILLER PRES LAUTERBOURG,67315,"48.9592,8.1308",Pylône autostable,21m,HIVORY,,SUP,,False,False
1714505,BOUYGUES TELECOM,"LTE 700, LTE 1800, 5G NR 2100", (SERRE DU ROUQUIER) 34330 LA SALVETAT SUR AGOUT,34293,"43.5989,2.6236",Pylône autostable,20m,HIVORY,,SUP,,False,False
1715309,BOUYGUES TELECOM,LTE 2100,RD 22 (LA GARENNE) 58390 DORNES,58104,"46.7136,3.3208",Pylône autostable,"32,4m",HIVORY,2025-01-21,AJR,,False,False
1715309,BOUYGUES TELECOM,LTE 700,RD 22 (LA GARENNE) 58390 DORNES,58104,"46.7136,3.3208",Pylône autostable,"32,4m",HIVORY,2026-09-03,SUP,,False,False
1725412,BOUYGUES TELECOM,LTE 2100,CHEM FERME DE MONSIEUR DENIS VERMOT (CHANOIS) 25340 ST GEORGES ARMONT,25516,"47.4061,6.5583",Pylône autostable,34m,HIVORY,2026-09-13,EXT,,False,False
1725589,BOUYGUES TELECOM,LTE 2100, (LES GRANDES BORDES) 77620 BRANSLES,77050,"48.1575,2.8192",Pylône tubulaire,"30,5m",HIVORY,2026-09-09,EXT,,False,False
1736241,BOUYGUES TELECOM,LTE 2100, (ST BONNET) 04510 MALIJAI,04108,"44.0425,6.0267",Pylône autostable,20m,CELLNEX,2022-07-07,AJR,,False,False
1736241,BOUYGUES TELECOM,LTE 700, (ST BONNET) 04510 MALIJAI,04108,"44.0425,6.0267",Pylône autostable,20m,CELLNEX,,SUP,,False,False
1752749,BOUYGUES TELECOM,LTE 2100,CH. DÉPART. N° 82 (SITE PROCHE DU CARR. AVEC LA RN (FOND DORÉ) 76390 ILLOIS,76372,"49.7531,1.6436",Château d'eau - réservoir,"50,9m","Syndicat des eaux, Adduction",,SUP,,False,False
1755600,BOUYGUES TELECOM,"LTE 700, LTE 1800, LTE 2600, 5G NR 2100", (EN PLONGY) 71000 MACON,71270,"46.2833,4.7772",Pylône autostable,16m,HIVORY,2026-09-03,SUP,,True,False
1770707,BOUYGUES TELECOM,LTE 700,RD 13 (TERRE DES GRANGES) 69620 LEGNY,69111,"45.9072,4.5689",Pylône autostable,35m,HIVORY,2026-09-12,EXT,,False,False
1803064,BOUYGUES TELECOM,LTE 700, (LE BREVET) 69690 COURZIEU,69067,"45.7658,4.5733",Pylône autostable,12m,HIVORY,2026-09-17,EXT,,False,False
1809331,BOUYGUES TELECOM,5G NR 3500,AVENUE DU MARECHAL JOFFRE  STADE MUNICIPAL 85330 NOIRMOUTIER EN L ILE,85163,"47.0086,-2.2336",Pylône tubulaire,23m,SFR,2026-09-14,EXT,,False,False
1821465,BOUYGUES TELECOM,LTE 700,D 15 (LA CROIX CABOT) 76160 PREAUX,76509,"49.4844,1.2125",Pylône autostable,"30,5m",HIVORY,2026-09-17,EXT,,False,False
1829727,BOUYGUES TELECOM,LTE 700, (LES BROSSES) 18410 BRINON SUR SAULDRE,18037,"47.6011,2.2431",Pylône autostable,"39,2m",ATC FRANCE,2026-09-17,EXT,,False,False
1835630,BOUYGUES TELECOM,"LTE 700, LTE 1800, 5G NR 2100",RTE DU GRAND MAGNIL RTE DÉPARTEMENTALE 10 (LA CABANE) 85210 ST ETIENNE DE BRILLOUET,85209,"46.5028,-1.0075",Pylône autostable,"49,3m",HIVORY,,SUP,,False,False
1843941,BOUYGUES TELECOM,"LTE 700, LTE 1800, LTE 2100, 5G NR 2100", (GOUTU) 25640 CORCELLE MIESLOT,25163,"47.3667,6.1872",Pylône autostable,"29,5m",ATC FRANCE,2026-08-29,SUP,,False,False
1844513,BOUYGUES TELECOM,"LTE 2600, 5G NR 2100",27 ROUTE DE JOUY (LES HOMMERIES) 91570 BIEVRES,91064,"48.7525,2.2022",Pylône arbre,33m,ON TOWER FRANCE,2026-09-17,EXT,,False,False
1869264,BOUYGUES TELECOM,LTE 2100,HAMEAU D'EVRON (MOLARD DE LA CROIX) 01100 MARTIGNAT,01237,"46.2161,5.6253",Pylône autostable,22m,TDF,2024-01-09,AJR,,False,False
1869264,BOUYGUES TELECOM,LTE 700,HAMEAU D'EVRON (MOLARD DE LA CROIX) 01100 MARTIGNAT,01237,"46.2161,5.6253",Pylône autostable,22m,TDF,,SUP,,False,False
1912829,BOUYGUES TELECOM,LTE 2100,CHEMIN DU RÉSERVOIR (PIÉ MARCET) 30190 ST CHAPTES,30241,"43.9706,4.2644",Château d'eau - réservoir,"18,1m","Commune, communauté de commune",2022-01-05,AJR,,False,False
1912829,BOUYGUES TELECOM,5G NR 3500,CHEMIN DU RÉSERVOIR (PIÉ MARCET) 30190 ST CHAPTES,30241,"43.9706,4.2644",Château d'eau - réservoir,"18,1m","Commune, communauté de commune",,SUP,,False,False
1936342,BOUYGUES TELECOM,LTE 1800,CHEM DÉPARTEMENTAL 106 RUE DU 11 NOVEMBRE 28130 CHARTAINVILLIERS,28084,"48.5328,1.5619",Pylône autostable,50m,HIVORY,2026-09-16,EXT,,False,False
1942060,BOUYGUES TELECOM,LTE 2100,CHE AUX MOINES (ZA LES BOULEAUX) 28210 FAVEROLLES,28146,"48.6925,1.5811",Pylône autostable,"30,3m",BOUYGUES,2024-12-17,AJR,,False,False
1942060,BOUYGUES TELECOM,LTE 700,CHE AUX MOINES (ZA LES BOULEAUX) 28210 FAVEROLLES,28146,"48.6925,1.5811",Pylône autostable,"30,3m",BOUYGUES,,SUP,,False,False
1962997,BOUYGUES TELECOM,LTE 1800, (CROIX LE PÊCHEUR) 55190 TROUSSEY,55520,"48.6892,5.6725",Pylône autostable,27m,TDF,,SUP,,False,False
1991521,BOUYGUES TELECOM,,170 BOULEVARD ANDRE BREMONT STADE LES ANDRESIS - TERRAIN D'H ONNEUR 95320 ST LEU LA FORET,95563,"49.0031,2.2492",Pylône autostable,"31,1m",CELLNEX,2021-02-15,CHA,170 BD ANDRE BREMONT STADE LES ANDRESIS TERRAIN D'HONNEUR,False,False
2043761,BOUYGUES TELECOM,,ZAC DES BALARUCS 84510 CAUMONT SUR DURANCE,84034,"43.8856,4.9644",Pylône autostable,24m,CELLNEX,2023-11-02,CHH,"20,5m",False,False
2054997,BOUYGUES TELECOM,"LTE 700, 5G NR 2100",ROUTE D'HAZEBROUCK D 106 59173 BLARINGHEM,59084,"50.6964,2.4303",Pylône autostable,50m,TDF,,SUP,,False,False
2131202,BOUYGUES TELECOM,"LTE 700, LTE 800, LTE 1800, LTE 2600, 5G NR 2100",56-58 R DE VILLEJUIF FOYER SONACOTRA 94320 THIAIS,94073,"48.7711,2.3856",Immeuble,22m,Société HLM,,SUP,,False,True
2146315,BOUYGUES TELECOM,"LTE 700, 5G NR 2100",VIEUX CHEMIN DE BAVAY 59570 LA LONGUEVILLE,59357,"50.2856,3.8319",Pylône autostable,"42,7m",TDF,,SUP,,False,False
2194305,BOUYGUES TELECOM,"LTE 700, 5G NR 2100, 5G NR 3500",PLACE FRANCIS SERVIERE CHEMIN DU SEMAPHORE (LE CAVERMEL) 30820 CAVEIRAC,30075,"43.8247,4.2736",Immeuble,16m,Société HLM,,SUP,,False,False
2205959,BOUYGUES TELECOM,LTE 2100,CHEMIN DE LA LAYE A36 VERS STRASBOURG (FORÊT DE CHAILLUZ) 25000 BESANCON,25056,"47.2889,6.0125",Pylône autostable,"43,4m",ATC FRANCE,2026-09-13,SUP,,False,False
2217521,BOUYGUES TELECOM,"LTE 700, LTE 800, LTE 1800, LTE 2100, LTE 2600, 5G NR 2100",LA PITANCE RD22 (LES NAUVES RONDES) 33920 ST GIRONS D AIGUEVIVES,33416,"45.1319,-0.5317",Pylône autostable,"38,9m",TDF,2026-09-12,EXT,,False,False
2293779,BOUYGUES TELECOM,LTE 2100,CROISEMENT D. 142 - D. 143 (LES TESSAUNIERES) 19300 ROSIERS D EGLETONS,19176,"45.3958,1.9794",Pylône autostable,33m,TOTEM,,SUP,,False,False
2300046,BOUYGUES TELECOM,"GSM 900, UMTS 900, LTE 700, LTE 800, LTE 1800, LTE 2100, LTE 2600, 5G NR 2100, 5G NR 3500",CHEMIN DES OLIVETTES (MOUTTES HAUTES) 84310 MORIERES LES AVIGNON,84081,"43.9294,4.9125",Pylône tubulaire,"26,5m",CELLNEX,2024-03-26,AJR,,False,True
2311174,BOUYGUES TELECOM,5G NR 3500,7 TER R BARATTE CHOLET MARCHÉ D'ADAMVILLE 94210 ST MAUR DES FOSSES,94068,"48.7969,2.4861",Immeuble,"26,9m","Copropriété, Syndic, SCI",2026-09-02,EXT,,False,False
2329836,BOUYGUES TELECOM,"LTE 700, LTE 800, LTE 1800, LTE 2100, LTE 2600, 5G NR 2100",1740 ROUTE DU CHÂTEAU D'EAU (GAUBERE) 32460 LE HOUGA,32155,"43.7792,-0.2006",Château d'eau - réservoir,43m,"Syndicat des eaux, Adduction",2026-09-05,EXT,,False,False
2330528,BOUYGUES TELECOM,LTE 1800, (AUF DEN BERG) 57635 HERANGE,57317,"48.78,7.1756",Pylône autostable,30m,SFR,2026-09-12,SUP,,False,False
2377357,BOUYGUES TELECOM,"LTE 700, 5G NR 2100",ROUTE DE LA BRANDE (D144) 17800 AVY,17027,"45.5522,-0.5",Pylône autostable,"38,5m",HIVORY,2026-09-13,SUP,,False,False
2387433,BOUYGUES TELECOM,"LTE 1800, LTE 2600, 5G NR 2100",CHATEAU D EAU (LA VALLEE DES HEBREUX) 27820 ST CHRISTOPHE SUR AVRE,27521,"48.6986,0.815",Château d'eau - réservoir,"49,7m","Syndicat des eaux, Adduction",2026-09-03,EXT,,False,False
2411082,BOUYGUES TELECOM,LTE 1800,ROUTE DU COLOMBIER 76210 ST JEAN DE LA NEUVILLE,76593,"49.5753,0.4111",Pylône autostable,36m,HIVORY,,SUP,,False,False
2442943,BOUYGUES TELECOM,LTE 1800,ROUTE DE LA VOIE ROMAINE 76970 ECTOT LES BAONS,76228,"49.6497,0.815",Pylône autostable,36m,SFR,,SUP,,False,False
2447209,BOUYGUES TELECOM,,RUE D'ARMEAU 33140 CADAUJAC,33080,"44.7364,-0.5322",Pylône autostable,"30,2m",CELLNEX,2022-08-31,CHI,3372993,False,True
2453595,BOUYGUES TELECOM,"LTE 700, LTE 800, LTE 1800, LTE 2100, LTE 2600, 5G NR 2100",CHEMIN DU VIEUX PONT (BUISSON SEUILLE) 39500 ABERGEMENT LA RONCE,39001,"47.0675,5.3525",Pylône autostable,36m,TOTEM,2026-07-31,SUP,,False,False
2483572,BOUYGUES TELECOM,,VOIE COMMUNALE 21 LA MERCERIE (LES CHAUNES) 17210 CHEPNIERS,17099,"45.2631,-0.3261",Pylône autostable,44m,HIVORY,2023-05-16,CHH,42m,False,False
2505150,BOUYGUES TELECOM,LTE 1800,CHEMIN  DE LA MARJOLAINE 55100 HAUDAINVILLE,55236,"49.1244,5.4269",Pylône autostable,35m,SFR,,SUP,,False,False
2528725,BOUYGUES TELECOM,"LTE 700, 5G NR 2100",RUE DE LA FORET 17500 CLAM,17108,"45.4894,-0.4567",Pylône autostable,"38,9m",HIVORY,2026-08-29,SUP,,False,False
2530241,BOUYGUES TELECOM,"LTE 1800, LTE 2100",VC N°9 DU RIOLAY LA JANVRIE (LA TRAPPE) 53110 STE MARIE DU BOIS,53235,"48.4611,-0.4872",Pylône autostable,46m,ON TOWER FRANCE,2026-09-07,EXT,,False,False
2535353,BOUYGUES TELECOM,"LTE 700, LTE 800",LA ROUVIÈRE DE CAL 30500 ALLEGRE LES FUMADES,30008,"44.1886,4.2272",Pylône autostable,24m,PHOENIX FRANCE INFRASTRUCTURES,2026-09-15,EXT,,False,False
2579722,BOUYGUES TELECOM,,IMPASSE DES LOGES (LA TURNE) 24700 MENESPLET,24264,"44.995,0.0733",Pylône autostable,"44,8m",HIVORY,2023-09-27,CHH,"42,5m",False,False
2592869,BOUYGUES TELECOM,LTE 2100,59 IMPASSE AMPÈRE 85000 LA ROCHE SUR YON,85191,"46.6625,-1.44",Pylône tubulaire,32m,CELLNEX,,AJO,,False,True
2593505,BOUYGUES TELECOM,"LTE 700, LTE 2600, 5G NR 2100",CHEMIN DES BASTIDETTES (DOMAINE DES BASTIDETTES) 13280 ARLES,13004,"43.5814,4.755",Pylône autostable,25m,SFR,,SUP,,False,False
2627205,BOUYGUES TELECOM,,AV DE LA  DIVISION  LECLERC CARREFOUR D407 / A115 ROND-POINT DE LA 1ÈRE ARMÉE FRANÇAISE 95150 TAVERNY,95607,"49.0147,2.2167",Pylône autostable,"22,3m",BOUYGUES,2023-11-23,CHH,19m,False,False
2642671,BOUYGUES TELECOM,5G NR 3500,ROUTE DE PERRECY DE LA CROIX (LES TOUILLARDS DU HAUT) 71420 CIRY LE NOBLE,71132,"46.6028,4.2914",Pylône autostable,42m,SFR,2026-08-29,SUP,,False,False
2646145,BOUYGUES TELECOM,,CHEZ FERRET (BOUILLON) 17130 CHAMOUILLAC,17081,"45.2967,-0.4758",Pylône autostable,44m,HIVORY,2023-11-27,CHH,42m,False,False
2674067,BOUYGUES TELECOM,5G NR 2100,LA CROIX FORFAITURE 78410 AUBERGENVILLE,78029,"48.9636,1.8608",Pylône tubulaire,"31,7m",BOUYGUES,2026-09-16,EXT,,False,False
2704141,BOUYGUES TELECOM,"LTE 700, LTE 800, LTE 1800, LTE 2100",VOIE ROMAINE (LES FOSSES) 25170 PELOUSEY,25448,"47.2817,5.9222",Pylône autostable,"42,3m",HIVORY,2026-08-20,EXT,,False,False
2704141,BOUYGUES TELECOM,5G NR 2100,VOIE ROMAINE (LES FOSSES) 25170 PELOUSEY,25448,"47.2817,5.9222",Pylône autostable,"42,3m",HIVORY,2026-08-29,SUP,,False,False
2732107,BOUYGUES TELECOM,5G NR 3500,18 RTE DE TOURNAN 77600 CONCHES SUR GONDOIRE,77124,"48.8647,2.7175",Immeuble,"14,5m",Particulier,2026-09-17,EXT,,False,False
2765898,BOUYGUES TELECOM,LTE 2600,43-45 V ROMAINE 57280 MAIZIERES LES METZ,57433,"49.2128,6.1475",Immeuble,"14,8m","Copropriété, Syndic, SCI",2026-09-03,EXT,,False,False
2784055,BOUYGUES TELECOM,,CHEMIN DES VIGNES (LA GRANDE PIÈCE) 55150 ROMAGNE SOUS LES COTES,55437,"49.3197,5.4692",Pylône autostable,44m,HIVORY,2024-08-08,CHH,31m,False,False
2826087,BOUYGUES TELECOM,5G NR 3500,CORNICHE JACQUES CHIRAC ZONE CARENAGE DU PORT (ZONE CARENAGE DU PORT) 13960 SAUSSET LES PINS,13104,"43.3297,5.1075",Pylône tubulaire,22m,CELLNEX,2026-08-31,EXT,,False,False
2838661,BOUYGUES TELECOM,5G NR 3500,RUE DES VIGNES 93290 TREMBLAY EN FRANCE,93073,"49.0022,2.5492",Pylône tubulaire,32m,BOUYGUES,2026-08-28,EXT,,False,False
2882845,BOUYGUES TELECOM,"UMTS 900, LTE 800",ROUTE DÉPARTEMENTALE N 208 (LE COQUILLON) 26120 LA BAUME CORNILLANE,26032,"44.8286,5.0411",Pylône autostable,31m,SFR,2026-09-21,AAV,,True,False
2890760,BOUYGUES TELECOM,"UMTS 900, LTE 700, LTE 800",RD 56 FRASSO (POGGIO) 20160 VICO,2A348,"42.1525,8.7744",Pylône autostable,24m,SFR,,AJO,,True,True
2899675,BOUYGUES TELECOM,5G NR 3500,CHEMIN DÉPARTEMENTAL N°35 DE CERNAY À SENTHEIM D351 68780 SENTHEIM,68304,"47.7583,7.0647",Pylône autostable,"30,1m",TDF,,SUP,,False,False
2914226,BOUYGUES TELECOM,"LTE 2600, 5G NR 3500",CHEMIN DE NONAIN ROUTE  DEPARTEMENTALE N°88 DE VALENCIENNES À CAMBRAI 59188 VILLERS EN CAUCHIES,59622,"50.2386,3.3881",Pylône autostable,32m,TDF,2026-08-29,SUP,,False,False
2936714,BOUYGUES TELECOM,5G NR 3500,ROUTE DE MONT SOUS VAUDREY (LA POMMEREY) 39120 LE DESCHAUX,39193,"46.95,5.5094",Pylône autostable,42m,SFR,2026-09-02,EXT,,False,False
2941937,BOUYGUES TELECOM,5G NR 3500,D29 (AUF DER WIESE) 57660 LEYVILLER,57398,"49.0275,6.8356",Pylône autostable,36m,HIVORY,,SUP,,False,False
2941939,BOUYGUES TELECOM,5G NR 3500,RUE DE STRASBOURG (DIRVILLER) 57410 PETIT REDERCHING,57535,"49.0511,7.315",Pylône autostable,36m,HIVORY,,SUP,,False,False
2956377,BOUYGUES TELECOM,"LTE 700, LTE 800, LTE 1800, LTE 2100, 5G NR 2100", (LE BRAS) 38114 VILLARD RECULAS,38550,"45.0883,6.0472",Pylône autostable,33m,ORANGE,2026-09-12,EXT,,False,False
2973428,BOUYGUES TELECOM,"LTE 2600, 5G NR 3500",CHEMIN DE LA FIOGERE (BELLEGARDE) 74360 ABONDANCE,74001,"46.2978,6.6758",Pylône tubulaire,"30,5m",TDF,,SUP,,False,False
2990242,BOUYGUES TELECOM,5G NR 3500,ROUTE DÉPARTEMENTALE  23A (GRANDE MARE GOUGEAT) 21250 CORGENGOUX,21193,"46.9917,4.9983",Pylône autostable,36m,SFR,2026-09-13,EXT,,False,False
2996581,BOUYGUES TELECOM,,ROUTE DE FRELAND CHEMIN DU SALEM (LE KALBLIN) 68150 AUBURE,68014,"48.1919,7.2169",Pylône autostable,44m,FREE-MOBILE,2025-05-21,CHH,"42,4m",False,False
3011750,BOUYGUES TELECOM,LTE 2100,4 RUE DU GYMNASE STADE BERNARD BARDIN 13800 ISTRES,13047,"43.5031,4.9806",Pylône tubulaire,30m,BOUYGUES,2018-05-03,AJR,,False,False
3016029,BOUYGUES TELECOM,5G NR 3500,4 CHEMIN DE LA MESSE (LA BROSSE) 71270 NAVILLY,71329,"46.9314,5.1347",Pylône autostable,36m,SFR,2026-08-29,SUP,,False,False
3017667,BOUYGUES TELECOM,5G NR 3500,RUE DES NAYARDS (LA BROYE) 39190 BEAUFORT ORBAGNA,39043,"46.5814,5.4347",Pylône autostable,36m,SFR,2026-09-13,EXT,,False,False
3024142,BOUYGUES TELECOM,"LTE 700, LTE 800, LTE 1800, LTE 2600, 5G NR 2100, 5G NR 3500",40 RUE ABEL FERRY 88000 EPINAL,88160,"48.1661,6.455",Immeuble,"19,8m","Copropriété, Syndic, SCI",2026-09-05,EXT,,False,False
3029341,BOUYGUES TELECOM,5G NR 3500,15 R HENRI RIBIERE 75019 PARIS 19,75119,"48.8769,2.395",Immeuble,"62,6m","Copropriété, Syndic, SCI",2026-09-02,EXT,,False,False
3029758,BOUYGUES TELECOM,UMTS 900,RUE DE MARGNY (LES GRANDS PRES) 60490 MARQUEGLISE,60386,"49.5186,2.7681",Pylône autostable,36m,HIVORY,,AJO,,False,False
3029758,BOUYGUES TELECOM,5G NR 3500,RUE DE MARGNY (LES GRANDS PRES) 60490 MARQUEGLISE,60386,"49.5186,2.7681",Pylône autostable,36m,HIVORY,2026-08-30,SUP,,False,False
3039706,BOUYGUES TELECOM,"LTE 1800, LTE 2600",107A MONTÉE DES PRÉS FLEURIS (LA COTE) 42230 ST ETIENNE,42218,"45.4383,4.2775",Pylône autostable,24m,TOTEM,2026-09-11,EXT,,False,False
3042509,BOUYGUES TELECOM,"LTE 1800, LTE 2600, 5G NR 2100",72 AV RENE PANHARD 94320 THIAIS,94073,"48.7639,2.3939",Bâtiment,29m,Société HLM,2026-09-17,EXT,,False,False
3053619,BOUYGUES TELECOM,"LTE 700, LTE 800",160 R DU GAL LECLERC 93110 ROSNY SOUS BOIS,93064,"48.8664,2.4944",Bâtiment,"26,6m","Copropriété, Syndic, SCI",2026-09-16,EXT,,False,False
3058715,BOUYGUES TELECOM,LTE 2600,1 RUE DES DIAMANTS 45140 ST JEAN DE LA RUELLE,45285,"47.9208,1.8764",Bâtiment,16m,Société HLM,2026-09-02,EXT,,False,False
3075772,BOUYGUES TELECOM,"LTE 1800, LTE 2600",LA FOUCAURAIS 53440 MARCILLE LA VILLE,53144,"48.3142,-0.4931",Pylône autostable,30m,BOUYGUES,2026-09-03,EXT,,False,False
3087357,BOUYGUES TELECOM,LTE 1800,EUROAIRPORT AEROPORT DE BALE MULHOUSE 68300 ST LOUIS,68297,"47.5997,7.5319",Bâtiment,29m,Société Privée,2026-09-03,EXT,,False,False
3092301,BOUYGUES TELECOM,"LTE 1800, LTE 2600",1 ALLEE DU CHATEAU 3 AVENUE DU DOCTEUR MICHAUX 93300 AUBERVILLIERS,93001,"48.9133,2.3911",Immeuble,20m,"Copropriété, Syndic, SCI",2026-09-11,EXT,,False,False
3094295,BOUYGUES TELECOM,"LTE 700, LTE 800, LTE 1800, LTE 2600, 5G NR 2100",2 PLACE JEAN JAURES EGLISE SAINT MARTIN 59191 LIGNY EN CAMBRESIS,59349,"50.0997,3.3775",Monument religieux,40m,"Commune, communauté de commune",2026-09-12,EXT,,False,False
3096011,BOUYGUES TELECOM,"LTE 700, LTE 800",R NICOLAS BAUDIN (PONT RAVAUD) 85000 LA ROCHE SUR YON,85191,"46.64,-1.4367",Pylône tubulaire,24m,CELLNEX,2026-09-17,EXT,,False,False
3101283,BOUYGUES TELECOM,"LTE 700, LTE 800",D168 (FONTRU) 89420 PISY,89300,"47.5583,4.1283",Pylône autostable,31m,CELLNEX,2026-09-17,EXT,,False,False
3104281,BOUYGUES TELECOM,"LTE 700, LTE 800, LTE 1800, LTE 2100, LTE 2600, 5G NR 2100",ROUTE DES BRELS PROCHE DE VINTILLAC (BONENCONTRE) 82290 BARRY D ISLEMADE,82011,"44.0778,1.2489",Pylône autostable,"36,5m",HIVORY,2026-09-05,EXT,,False,False
3110120,BOUYGUES TELECOM,"LTE 1800, LTE 2600, 5G NR 3500",38 ROUTE D'ALTENHEIM 67200 STRASBOURG,67482,"48.54,7.7678",Immeuble,24m,Société HLM,2026-09-10,EXT,,False,False
3112668,BOUYGUES TELECOM,"LTE 700, LTE 800, LTE 1800, LTE 2100, LTE 2600, 5G NR 2100",PROCHE DE ROUTE DES REYNAUDS (LES GRABES) 82700 BOURRET,82023,"43.9358,1.1556",Pylône autostable,"37,8m",ON TOWER FRANCE,2026-09-05,EXT,,False,False
3115938,BOUYGUES TELECOM,"LTE 700, LTE 800",ROUTE DE LA GUILBAUDIÈRE (LE PATURAU) 44640 LE PELLERIN,44120,"47.1917,-1.8",Pylône autostable,"30,9m",CELLNEX,2026-09-17,EXT,,False,False
3117004,BOUYGUES TELECOM,"UMTS 900, LTE 700, LTE 800, LTE 1800, LTE 2100, LTE 2600, 5G NR 2100",ZA LES QUARTS 7 ROUTE DES CÉRÉALES (LE GRAND CHAMP DE MICAUD) 71620 ST MARTIN EN BRESSE,71456,"46.8167,5.0706",Pylône autostable,"36,9m",ON TOWER FRANCE,2026-09-12,EXT,,False,False
3118055,BOUYGUES TELECOM,"UMTS 900, LTE 700, LTE 800",CHEMIN RURAL N°13 DES COMMES POMMOY CHEMIN AGRICOLE (CHAMPS DU PAQUIS MOREAU) 21390 MONTIGNY ST BARTHELEMY,21430,"47.4206,4.2647",Pylône autostable,30m,SFR,2026-09-21,AAV,,True,True
3118316,BOUYGUES TELECOM,"LTE 1800, LTE 2600",AV DES  LENS CHEMIN DES LOUBATIÈRES (LA DEVEZE) 30730 FONS,30112,"43.9142,4.1953",Pylône autostable,18m,BOUYGUES,2026-09-10,EXT,,False,False
3123969,BOUYGUES TELECOM,"UMTS 900, LTE 700, LTE 800",CHEMIN DES MONGES (MAS DE GRAMAT) 46350 PAYRAC,46215,"44.8061,1.4861",Pylône autostable,24m,FREE-MOBILE,2026-09-17,EXT,,True,False
3124231,BOUYGUES TELECOM,LTE 2100,CHE DE L'AFFEAGEMENT (LES BAUCHES) 44460 ST NICOLAS DE REDON,44185,"47.6286,-2.0589",Pylône autostable,54m,TOTEM,,AJO,,False,True
3125948,BOUYGUES TELECOM,"LTE 700, LTE 800, LTE 1800, LTE 2600, 5G NR 2100",RUE DE FORSTFELD (ALTENGRABEN) 67480 KAUFFENHEIM,67231,"48.8561,8.0264",Pylône autostable,36m,SFR,2026-09-05,EXT,,False,False
3127760,BOUYGUES TELECOM,"LTE 700, LTE 800",1 R VAN GOGH 91600 SAVIGNY SUR ORGE,91589,"48.6744,2.3408",Immeuble,"49,5m",Société HLM,2026-09-17,EXT,,False,False
3129861,BOUYGUES TELECOM,"LTE 700, LTE 800, LTE 1800, LTE 2100, LTE 2600, 5G NR 2100, 5G NR 3500",239 AVENUE DU DANEMARK 82000 MONTAUBAN,82121,"43.9894,1.3267",Pylône autostable,36m,SFR,2026-09-12,EXT,,False,False
3139556,BOUYGUES TELECOM,"UMTS 900, LTE 700, LTE 800",1 RUE DE LA PERDRIX 02220 CYS LA COMMUNE,02255,"49.3897,3.5739",Pylône autostable,36m,TOTEM,2026-09-21,AAV,,True,True
3142192,BOUYGUES TELECOM,"LTE 700, LTE 800",13 LA PLAINE DE LAUNAY LE PONT DE ROCHE BRUNE 37210 VERNOU SUR BRENNE,37270,"47.4389,0.8586",Pylône autostable,"26,6m",CELLNEX,2026-09-21,AAV,,False,True
3166703,BOUYGUES TELECOM,"UMTS 900, LTE 700, LTE 800",LA VIEILLE ROUTE 88210 ST JEAN D ORMONT,88419,"48.3314,6.9889",Pylône autostable,36m,CELLNEX,2026-09-27,AAV,,True,True
3182276,BOUYGUES TELECOM,LTE 2600,20 R DE LA RIGOURDIÈRE 35510 CESSON SEVIGNE,35051,"48.1133,-1.5883",Pylône arbre,"23,1m",CELLNEX,2026-09-04,EXT,,False,False
3185973,BOUYGUES TELECOM,"LTE 1800, LTE 2600, 5G NR 2100",287 RUE DE LYON 13015 MARSEILLE 15,13215,"43.3358,5.3622",Immeuble,"18,4m","Copropriété, Syndic, SCI",2026-09-14,EXT,,False,False
3190481,BOUYGUES TELECOM,"LTE 700, LTE 800",CHEM LA BECHEGRIAIS (LA GREBU) 35480 GUIPRY MESSAC,35176,"47.8389,-1.7806",Pylône autostable,42m,CELLNEX,2026-09-12,EXT,,False,False
3194202,BOUYGUES TELECOM,"UMTS 900, LTE 700, LTE 800",LA GARIGUETTE 26790 SUZE LA ROUSSE,26345,"44.2969,4.8172",Pylône autostable,"18,5m",CELLNEX,2026-09-16,EXT,,True,False
3196732,BOUYGUES TELECOM,UMTS 900,13  AV DU MAL DE LATTRE DE TASSIGNY D973 71360 EPINAC,71190,"46.9744,4.4967",Pylône autostable,30m,ATC FRANCE,2026-09-05,EXT,,False,False
3197344,BOUYGUES TELECOM,"LTE 700, LTE 800, LTE 1800, LTE 2100, LTE 2600, 5G NR 2100",PROCHE DE LA ROUTE DÉPARTEMENTALE N°10 (PRENDS Y GARDE) 33230 COUTRAS,33138,"45.0333,-0.0744",Pylône autostable,42m,SFR,2026-09-05,EXT,,False,False
3200409,BOUYGUES TELECOM,"LTE 1800, LTE 2600",ROUTE D'OUCHES (LE MARCLET) 42153 RIORGES,42184,"46.0267,4.0356",Pylône autostable,"29,8m",BOUYGUES,2026-09-03,EXT,,False,False
3203580,BOUYGUES TELECOM,"LTE 700, LTE 800, LTE 1800, LTE 2600",CHEMIN DU GRES (CAREYROLLES BASSES) 30250 AUJARGUES,30023,"43.7953,4.1267",Pylône autostable,24m,BOUYGUES,2026-09-10,EXT,,False,False
3204318,BOUYGUES TELECOM,"LTE 700, LTE 800",ROUTE DÉPART. D29 (LA PLANCHE) 35690 ACIGNE,35001,"48.1319,-1.5169",Pylône autostable,"36,5m",CELLNEX,2026-09-16,EXT,,False,False
3206389,BOUYGUES TELECOM,"LTE 1800, LTE 2600, 5G NR 2100",AV JEAN ETIENNE CONSTANT (RÉSIDENCE  LE COQUELICOT) 13127 VITROLLES,13117,"43.4403,5.2561",Immeuble,"24,9m",Société HLM,2026-09-17,EXT,,False,False
3206623,BOUYGUES TELECOM,"LTE 700, LTE 800, 5G NR 2100",LA RONCELINAIS (LE PERRAY) 35750 IFFENDIC,35133,"48.1692,-1.9981",Pylône autostable,"36,1m",CELLNEX,2026-09-14,EXT,,False,False
3216336,BOUYGUES TELECOM,"LTE 700, LTE 800",29 RUE NICOLE ZEMMOUR IMMEUBLE LE MATISSE 13009 MARSEILLE 09,13209,"43.2486,5.4264",Immeuble,"18,3m","Copropriété, Syndic, SCI",2026-09-15,EXT,,False,False
3216371,BOUYGUES TELECOM,5G NR 2100,5 PLACE DES CHARTREUX 76140 LE PETIT QUEVILLY,76498,"49.4233,1.0675",Immeuble,22m,"Copropriété, Syndic, SCI",2026-09-01,EXT,,False,False
3217957,BOUYGUES TELECOM,"LTE 700, LTE 800",PROCHE DE ROUTE D'ESTAVAR (EN SERRES) 66120 EGAT,66064,"42.4975,2.0106",Pylône autostable,36m,SFR,2026-09-21,AAV,,False,False
3228205,BOUYGUES TELECOM,"UMTS 900, LTE 700, LTE 800",VOIE COMMUNALE N°16 (VALNAY) 91150 ETAMPES,91223,"48.4272,2.1128",Pylône autostable,34m,SFR,2026-09-21,AAV,,True,True
3228602,BOUYGUES TELECOM,"LTE 700, LTE 800, LTE 1800, LTE 2100, LTE 2600, 5G NR 2100, 5G NR 3500",CHEMIN DES LONGUES (MONTAGNE DES FAUX) 74310 LES HOUCHES,74143,"45.8847,6.8103",Pylône autostable,"42,1m",SFR,2026-09-05,EXT,,False,False
3236503,BOUYGUES TELECOM,"LTE 700, LTE 800, LTE 1800, LTE 2100, LTE 2600, 5G NR 2100, 5G NR 3500",RUE JEAN ROSTAND (LES BORDES) 21500 MONTBARD,21425,"47.6319,4.3436",Pylône autostable,42m,SFR,,SUP,,False,True
3237905,BOUYGUES TELECOM,"UMTS 900, LTE 700, LTE 800",CHEMIN RURAL DIT DE LA FRIÈRE D10 (LA COTE) 55130 DELOUZE ROSIERES,55148,"48.5742,5.5433",Pylône autostable,36m,SFR,2026-09-21,AAV,,True,True
3238821,BOUYGUES TELECOM,5G NR 2100,CHEMIN DU HAUT BOURG 49370 ERDRE EN ANJOU,49367,"47.5814,-0.7608",Pylône autostable,18m,PHOENIX FRANCE INFRASTRUCTURES,2026-09-15,EXT,,False,False
3238839,BOUYGUES TELECOM,"LTE 800, LTE 1800, LTE 2600",529 CHEMIN DE LA POTERIE 83400 HYERES,83069,"43.1289,6.1056",Pylône tubulaire,"18,5m",BOUYGUES,2026-09-10,EXT,,False,False
3239511,BOUYGUES TELECOM,LTE 2100,PROCHE N166 (LE PONT BOTERFF) 56000 VANNES,56260,"47.6742,-2.6894",Pylône autostable,"44,6m",TDF,2026-03-10,AJR,,False,False
3240222,BOUYGUES TELECOM,LTE 2600,4 ALL PHILIBERT DELORME 93150 LE BLANC MESNIL,93007,"48.9461,2.4533",Immeuble,19m,Société HLM,2026-09-07,EXT,,False,False
3243820,BOUYGUES TELECOM,"LTE 700, LTE 800",ROUTE DE LA MALANDRIE 57360 AMNEVILLE,57019,"49.2136,6.0661",Pylône autostable,"30,5m",CELLNEX,2026-09-17,EXT,,False,False
3244276,BOUYGUES TELECOM,"LTE 700, LTE 800",LA BENETIERE 85140 CHAUCHE,85064,"46.8486,-1.25",Pylône autostable,25m,CELLNEX,2026-09-17,EXT,,False,False
3244384,BOUYGUES TELECOM,"LTE 1800, LTE 2600",18 R GARNIER 92200 NEUILLY SUR SEINE,92051,"48.8867,2.2589",Immeuble,"26,6m","Copropriété, Syndic, SCI",2026-09-10,EXT,,False,False
3244862,BOUYGUES TELECOM,"LTE 700, LTE 800",CHEMIN DE LA SIMONIÈRE (LE CHAMP DE LA FONTAINE) 49300 CHOLET,49099,"47.0794,-0.8344",Pylône autostable,"24,6m",BOUYGUES,2026-09-16,EXT,,False,False
3247906,BOUYGUES TELECOM,"LTE 1800, LTE 2600",CHEM DE LA DURANDE (LE BOSQUET) 30330 ST LAURENT LA VERNEDE,30279,"44.1119,4.4497",Pylône autostable,24m,BOUYGUES,2026-09-03,EXT,,False,False
3249243,BOUYGUES TELECOM,"LTE 700, LTE 800",CHÂTEAU D'EAU - CHEMIN DU PIOCH 34430 ST JEAN DE VEDAS,34270,"43.5817,3.8269",Château d'eau - réservoir,"34,4m","Commune, communauté de commune",2026-09-17,EXT,,False,False
3261424,BOUYGUES TELECOM,"LTE 1800, LTE 2600",43 AV DE LA PAIX 94260 FRESNES,94034,"48.76,2.3294",Immeuble,28m,"Copropriété, Syndic, SCI",2026-09-11,EXT,,False,False
3267458,BOUYGUES TELECOM,"UMTS 900, LTE 700, LTE 800",4B ROUTE DE SAINT JEAN DU GARD (COUDOGNAN) 30460 STE CROIX DE CADERLE,30246,"44.0744,3.8611",Pylône autostable,24m,PHOENIX FRANCE INFRASTRUCTURES,2026-09-24,AAV,,True,True
3269934,BOUYGUES TELECOM,"LTE 700, LTE 800",ROUTE DE LA PIERRE D ESQUAY (LE BON REPOS) 14210 BARON SUR ODON,14042,"49.1183,-0.4822",Pylône autostable,"24,5m",PHOENIX FRANCE INFRASTRUCTURES,2026-09-21,AAV,,False,True
3270880,BOUYGUES TELECOM,"LTE 700, LTE 800",20 CHEM DE BERNAY 49130 STE GEMMES SUR LOIRE,49278,"47.4272,-0.5931",Pylône autostable,"30,5m",BOUYGUES,2026-09-17,EXT,,False,False
3272436,BOUYGUES TELECOM,"UMTS 900, LTE 700, LTE 800",205 CHEMIN DE L'OBSERVATOIRE (LA PIROCHE) 43440 CHAMPAGNAC LE VIEUX,43052,"45.3544,3.5036",Pylône autostable,24m,TOTEM,2026-09-21,AAV,,True,True
3274120,BOUYGUES TELECOM,"UMTS 900, LTE 700, LTE 800",CHEMIN DU PUECH ROUGE (PUECH LAMADE) 81120 FAUCH,81088,"43.8328,2.2672",Pylône autostable,30m,SFR,2026-09-21,AAV,,True,True
3274308,BOUYGUES TELECOM,"LTE 700, LTE 800, LTE 1800, LTE 2100, LTE 2600, 5G NR 2100",ROUTE DÉPARTEMENTALE 233 (DEVANT LE GROSBOIS) 25410 POUILLEY FRANCAIS,25466,"47.1953,5.8447",Pylône autostable,42m,HIVORY,2026-09-05,EXT,,False,False
3274643,BOUYGUES TELECOM,"LTE 1800, LTE 2100, LTE 2600",1386 CHEM DU CEINTURON (LE CEINTURON) 83400 HYERES,83069,"43.1061,6.165",Pylône autostable,"10,3m",BOUYGUES,2026-09-01,EXT,,False,False
3277682,BOUYGUES TELECOM,"LTE 700, LTE 800",CHEMIN LA VIEILLE BOUCHERE (PAS L'ABBE) 86700 VALENCE EN POITOU,86082,"46.3594,0.1497",Pylône autostable,36m,CELLNEX,2026-09-22,AAV,,False,True
3289853,BOUYGUES TELECOM,"LTE 700, LTE 800",CHEMIN DE LA MONSUYERE (LES MILTIÈRES) 50860 MOYON VILLAGES,50363,"48.9922,-1.1203",Pylône autostable,"30,8m",BOUYGUES,2026-09-22,AAV,,False,True
3295939,BOUYGUES TELECOM,5G NR 3500,284 RUE DE L'ETANG DE L'OR PASSERELLE MERTENS (CARNON - PORT DE PLAISANCE) 34130 MAUGUIO,34154,"43.5453,3.9722","Ouvrage d'art (pont, viaduc)","15,3m","Commune, communauté de commune",2026-09-09,EXT,,False,False
3296943,BOUYGUES TELECOM,"LTE 1800, LTE 2600",4 IMP RENÉ MOUCHOTTE 31500 TOULOUSE,31555,"43.5842,1.4931",Bâtiment,"16,1m",Société Privée,2026-09-11,EXT,,False,False
3299515,BOUYGUES TELECOM,"LTE 700, LTE 800, LTE 1800, LTE 2600, 5G NR 2100, 5G NR 3500",2 RUE GEORGES GAUDOT 25000 BESANCON,25056,"47.2494,5.9958",Bâtiment,"24,8m",Société Privée,2026-09-05,EXT,,False,False
3301787,BOUYGUES TELECOM,5G NR 2100,29 RTE D'ORGON 13810 EYGALIERES,13034,"43.7611,4.9542",Pylône arbre,20m,BOUYGUES,2026-09-07,EXT,,False,False
3306254,BOUYGUES TELECOM,"LTE 700, LTE 800",5 R TOURNADOUR 93600 AULNAY SOUS BOIS,93005,"48.9278,2.4928",Immeuble,"17,4m","Copropriété, Syndic, SCI",2026-09-16,EXT,,False,False
3306372,BOUYGUES TELECOM,"UMTS 900, LTE 700, LTE 800",CHEMIN DE GIBAS (LA NARSE) 63290 CHATELDON,63102,"45.9619,3.5836",Pylône autostable,"30,3m",SFR,2026-09-21,AAV,,True,True
3306374,BOUYGUES TELECOM,"UMTS 900, LTE 700, LTE 800",CHEMIN RURAL DIT DU BERGOU (BERGOU) 65130 ESCONNETS,65162,"43.0664,0.2231",Pylône autostable,42m,SFR,2026-09-21,AAV,,True,True
3315703,BOUYGUES TELECOM,"UMTS 900, LTE 700, LTE 800",CHEMIN DE CABANAC (LAS VINALS) 12130 STE EULALIE D OLT,12219,"44.47,2.9364",Pylône autostable,45m,SFR,2026-09-21,AAV,,True,True
3319061,BOUYGUES TELECOM,LTE 1800,1291 CHEM D'ETZAN BORDA 64700 URRUGNE,64545,"43.3775,-1.7111",Pylône tubulaire,"25,5m",BOUYGUES,2026-09-04,EXT,,False,False
3321680,BOUYGUES TELECOM,"UMTS 900, LTE 700, LTE 800, LTE 1800, LTE 2100, LTE 2600, 5G NR 2100, 5G NR 3500",RUE LÉON BLUM ROUTE DU FOSSÉ DÉFENSIF (FORT-MARDYCK) 59640 DUNKERQUE,59183,"51.0306,2.3178",Pylône autostable,48m,TOTEM,,SUP,,False,True
3330872,BOUYGUES TELECOM,"GSM 900, UMTS 900, LTE 800, LTE 1800, LTE 2100, 5G NR 2100",BOIS DE LA PAYELLE 3 CHEMIN DE LA TOURNICHETTE 59144 WARGNIES LE PETIT,59640,"50.3042,3.7",Pylône autostable,44m,TDF,,SUP,,False,True
3332729,BOUYGUES TELECOM,"LTE 700, LTE 800, LTE 1800, LTE 2100, LTE 2600, 5G NR 2100", (CROUX DE LA CURE) 48170 ARZENC DE RANDON,48008,"44.6322,3.6686",Pylône autostable,24m,TDF,,SUP,,False,True
3332921,BOUYGUES TELECOM,"LTE 700, LTE 800, LTE 1800, LTE 2100, LTE 2600, 5G NR 2100, 5G NR 3500",CHEMIN DES CHATAIGNIERS (CHAPELIÈRE) 38110 LA BATIE MONTGASCON,38029,"45.5839,5.5364",Pylône autostable,36m,SFR,,SUP,,False,True
3333243,BOUYGUES TELECOM,"LTE 700, LTE 800, LTE 1800, LTE 2600, 5G NR 2100",RUE DE BELLEVUE (DERRIERE SAINT-PIERRE) 54700 MAIDIERES,54332,"48.8981,6.0331",Pylône arbre,24m,SFR,,SUP,,False,True
3335382,BOUYGUES TELECOM,"LTE 700, LTE 800, LTE 1800, LTE 2600, 5G NR 2100",ROUTE D'EMANCÉ (LE FLEAU) 78125 ST HILARION,78557,"48.6106,1.7361",Pylône autostable,30m,TDF,,SUP,,False,True
3336149,BOUYGUES TELECOM,"LTE 700, LTE 800, LTE 1800, LTE 2100, LTE 2600, 5G NR 2100",1801 ROUTE DE CHASSAC CHEMIN DES VIGNES 19120 BEAULIEU SUR DORDOGNE,19019,"45.0325,1.8381",Pylône autostable,30m,TDF,,SUP,,False,True
3336205,BOUYGUES TELECOM,"LTE 700, LTE 800, LTE 1800, LTE 2600, 5G NR 2100",D519 (SOMMERMATT) 67170 BERSTHEIM,67035,"48.7864,7.67",Pylône autostable,42m,SFR,,SUP,,False,True
3338414,BOUYGUES TELECOM,,RTE DE VILLIÉ 69220 BELLEVILLE EN BEAUJOLAIS,69019,"46.1192,4.7239",Pylône autostable,14m,PHOENIX FRANCE INFRASTRUCTURES,,CHH,"14,2m",False,True
3339845,BOUYGUES TELECOM,"LTE 800, LTE 1800, LTE 2100, LTE 2600, 5G NR 2100, 5G NR 3500",9  QUAI DU CAPITAINE ALLEGRE 33120 ARCACHON,33009,"44.6575,-1.1453",Bâtiment,"14,1m","Copropriété, Syndic, SCI",,SUP,,False,True
3342464,BOUYGUES TELECOM,5G NR 2100,RUE DE LA MINE (LE ROUERGAS) 34980 ST GELY DU FESC,34255,"43.7022,3.8128",Pylône autostable,24m,CELLNEX,2026-09-14,EXT,,False,False
3344303,BOUYGUES TELECOM,,V COMMUNALE N°13 (LIEU-DIT LES CLAIRETTES) 30127 BELLEGARDE,30034,"43.7525,4.5258",Pylône autostable,18m,CELLNEX,,CHA,LES CLAIRETTES V COMMUNALE N°13,False,True
3350716,BOUYGUES TELECOM,"LTE 700, LTE 800, LTE 1800, LTE 2600, 5G NR 2100",AR SOUILH 22780 PLOUNERIN,22227,"48.5642,-3.5819",Pylône autostable,"25,3m",BOUYGUES,,SUP,,False,True
3351480,BOUYGUES TELECOM,"LTE 700, LTE 800, LTE 1800, LTE 2600, 5G NR 2100",LE FLAQUIER 06530 LE TIGNET,06140,"43.6286,6.8511",Pylône autostable,24m,BOUYGUES,,SUP,,False,True
3352101,BOUYGUES TELECOM,LTE 1800,12 R DE CHATEAUDUN 75009 PARIS 09,75109,"48.8758,2.3406",Immeuble,"25,8m",Société HLM,,SUP,,False,True
3352158,BOUYGUES TELECOM,"LTE 700, LTE 800, LTE 1800, LTE 2100, LTE 2600, 5G NR 2100",3 BIS GRANDE RUE 91260 JUVISY SUR ORGE,91326,"48.6875,2.3772",Bâtiment,"20,8m",Société Privée,,SUP,,False,True
3352199,BOUYGUES TELECOM,"LTE 700, LTE 800, LTE 1800, LTE 2600, 5G NR 2100",39 R DU 8 MAI 1945 69320 FEYZIN,69276,"45.6603,4.8472",Pylône autostable,24m,CELLNEX,,SUP,,False,True
3352242,BOUYGUES TELECOM,"LTE 700, LTE 800, LTE 1800, LTE 2600, 5G NR 2100",RTE DU LANDRET (LES CHAMPS RÉUNIS) 35830 BETTON,35024,"48.1914,-1.6233",Pylône autostable,"24,3m",BOUYGUES,,SUP,,False,True
3352259,BOUYGUES TELECOM,"LTE 700, LTE 800, LTE 1800, LTE 2600, 5G NR 2100",116 IMP DES AJONCS 44270 MACHECOUL ST MEME,44087,"47.0208,-1.8008",Pylône autostable,30m,PHOENIX FRANCE INFRASTRUCTURES,,SUP,,False,True
3352270,BOUYGUES TELECOM,"LTE 700, LTE 800, LTE 1800, LTE 2600, 5G NR 2100",ROUTE LA FOUCHARDIÈRE ROUTE LES COTEAUX CANCALE (LE GRAND PRE) 49600 MONTREVAULT SUR EVRE,49218,"47.2653,-1.0064",Pylône autostable,25m,PHOENIX FRANCE INFRASTRUCTURES,,SUP,,False,True
3352272,BOUYGUES TELECOM,"LTE 700, LTE 800, LTE 1800, LTE 2600, 5G NR 2100",CD 277 (LE TERTRE) 44560 CORSEPT,44046,"47.2667,-2.1161",Pylône autostable,37m,TOTEM,,SUP,,False,True
3352331,BOUYGUES TELECOM,"LTE 700, LTE 800, LTE 1800, LTE 2600, 5G NR 2100",CHEM DES COMMUNS 33 AVENUE DE LA LIBÉRATION 33610 CANEJAN,33090,"44.7461,-0.6439",Pylône autostable,"36,7m",BOUYGUES,,SUP,,False,True
3353007,BOUYGUES TELECOM,"LTE 700, LTE 800, LTE 1800, LTE 2600, 5G NR 2100",28 RUE DU GÉNÉRAL MURTIN RÉSIDENCE LA ROCADE 71000 MACON,71270,"46.32,4.8144",Immeuble,"18,9m","Copropriété, Syndic, SCI",,SUP,,False,True
3353013,BOUYGUES TELECOM,"LTE 700, LTE 800, LTE 1800, LTE 2600, 5G NR 2100",42 À 46 R SALVADOR ALLENDE 92000 NANTERRE,92050,"48.8953,2.2208",Immeuble,25m,Société HLM,,SUP,,False,True
3353020,BOUYGUES TELECOM,"LTE 700, LTE 800, LTE 1800, LTE 2100, LTE 2600, 5G NR 2100, 5G NR 3500",4 RUE DES LILAS 74100 ANNEMASSE,74012,"46.1961,6.2472",Immeuble,"17,3m","Copropriété, Syndic, SCI",,SUP,,False,True
3373152,BOUYGUES TELECOM,"GSM 900, UMTS 900, LTE 700, LTE 800, LTE 1800, LTE 2100, LTE 2600, 5G NR 2100, 5G NR 3500",CHEMIN DES OLIVETTES (MOUTTES HAUTES) 84310 MORIERES LES AVIGNON,84081,"43.9283,4.9125",Pylône tubulaire,24m,CELLNEX,2024-03-26,SUP,,False,False
436147,BOUYGUES TELECOM,5G NR 3500,CHATEAU D'EAU (LE BURON) 50340 GROSVILLE,50222,"49.5075,-1.7389",Château d'eau - réservoir,"42,3m","Syndicat des eaux, Adduction",2026-08-31,EXT,,False,False
439538,BOUYGUES TELECOM,,PUYJARRIGE (PUY CHAUVET) 19100 BRIVE LA GAILLARDE,19031,"45.1133,1.5011",Pylône autostable,37m,ORANGE,2018-05-30,CHA,PUY CHAUVET RTE DE MAS,False,False
445495,BOUYGUES TELECOM,LTE 2100,CSE DES POMPIERS (ROUMANE) 84390 SAULT,84123,"44.0958,5.4117",Pylône autostable,27m,HIVORY,2023-04-12,AJR,,False,False
445495,BOUYGUES TELECOM,LTE 700,CSE DES POMPIERS (ROUMANE) 84390 SAULT,84123,"44.0958,5.4117",Pylône autostable,27m,HIVORY,,SUP,,False,False
450302,BOUYGUES TELECOM,"LTE 2100, 5G NR 2100",CHEM D'EXPLOITATION DU SCHILLINGS WACKEL (REIMERSWEILERWEG) 67250 SURBOURG,67487,"48.9147,7.8661",Pylône autostable,48m,HIVORY,,SUP,,False,False
457868,BOUYGUES TELECOM,"UMTS 900, LTE 800",28 BD  ESTÉREL RÉSIDENCE ESTÉREL ST LOUIS (MIRAMAR) 06590 THEOULE SUR MER,06138,"43.4886,6.9428",Immeuble,"21,5m",Société Privée,,AJO,,False,True
457868,BOUYGUES TELECOM,"GSM 900, LTE 1800",28 BD  ESTÉREL RÉSIDENCE ESTÉREL ST LOUIS (MIRAMAR) 06590 THEOULE SUR MER,06138,"43.4886,6.9428",Immeuble,"21,5m",Société Privée,1997-01-15,AJR,,False,True
473040,BOUYGUES TELECOM,LTE 700,STATION DE BESSENAY (MONTCHAVANAY) 69690 COURZIEU,69067,"45.7508,4.5683",Pylône autostable,"23,3m",TDF,2026-09-16,EXT,,False,False
474109,BOUYGUES TELECOM,,RD 937 (LES COUTURES) 80200 ATHIES,80034,"49.8397,2.9917",Pylône autostable,25m,Sociétés d'Autoroutes,2018-05-30,CHH,26m,False,False
479283,BOUYGUES TELECOM,,RUE DU PRÉ DE FOIRE CHEM RURAL DU CARROZ 74230 THONES,74280,"45.8808,6.3217",Pylône autostable,34m,TDF,2023-09-13,CHH,35m,False,False
493498,BOUYGUES TELECOM,LTE 2100,CHEM RURAL N°23 FERME LA TUILERIE (TUILERIE) 89800 ST CYR LES COLONS,89341,"47.7594,3.7333",Pylône autostable,32m,HIVORY,2023-03-15,AJR,,False,False
493498,BOUYGUES TELECOM,LTE 700,CHEM RURAL N°23 FERME LA TUILERIE (TUILERIE) 89800 ST CYR LES COLONS,89341,"47.7594,3.7333",Pylône autostable,32m,HIVORY,,SUP,,False,False
496153,BOUYGUES TELECOM,"LTE 700, LTE 1800, LTE 2100, LTE 2600, 5G NR 2100","5 TER, R GEORGES CLÉMENCEAU 59273 FRETIN",59256,"50.5603,3.1494",Pylône tubulaire,30m,ATC FRANCE,,SUP,,False,False
504455,BOUYGUES TELECOM,LTE 2100,N.89 (FUMADE) 63820 ST JULIEN PUY LAVEZE,63370,"45.6558,2.6994",Pylône autostable,"27,4m",TDF,,SUP,,False,False
506047,BOUYGUES TELECOM,LTE 2100,AUTOROUTE A39 (BOIS DES ESSARTS) 39800 VILLERS LES BOIS,39570,"46.9364,5.5542",Pylône autostable,40m,Sociétés d'Autoroutes,2026-09-13,EXT,,False,False
506491,BOUYGUES TELECOM,,R CHASSE DAVID - PRES DU TERRAIN DE SPORT 50550 ST VAAST LA HOUGUE,50562,"49.5897,-1.2742",Pylône tubulaire,"28,5m",CELLNEX,2022-02-23,CHA,Stade Pierre de Carlini 4 Chasse David,False,False
509688,BOUYGUES TELECOM,LTE 2100,A A6 PK 322.800 (AIRE DE REPOS DE LA LOYERE) 71150 FONTAINES,71202,"46.8631,4.8225",Pylône autostable,"45,2m",Sociétés d'Autoroutes,2026-08-29,SUP,,False,False
511616,BOUYGUES TELECOM,LTE 2100,RTE DE PRANCHERE AU LAC 19300 ROSIERS D EGLETONS,19176,"45.3619,1.9711",Pylône autostable,47m,TDF,,SUP,,False,False
512346,BOUYGUES TELECOM,5G NR 2100,C.R 35 DE LA CORVÉE À LA MALADRERIE (LA MALADRERIE) 58290 MOULINS ENGILBERT,58182,"46.9814,3.8203",Pylône autostable,22m,TOTEM,2026-08-31,EXT,,False,False
513245,BOUYGUES TELECOM,"LTE 700, 5G NR 2100, 5G NR 3500",PL DU MARCHE CTRE DE SECOURS 57490 L HOPITAL,57336,"49.1608,6.74",Bâtiment,31m,"Commune, communauté de commune",,SUP,,False,False
514481,BOUYGUES TELECOM,LTE 2100,18 R DE CRIMEE PL DES FÊTES 75019 PARIS 19,75119,"48.8778,2.3919",Immeuble,"34,5m",Société HLM,2018-07-05,AJR,,False,False
515749,BOUYGUES TELECOM,LTE 700,D 14 (LES CHAMPS DE DEVANT) 44110 ERBRAY,44054,"47.66,-1.3231",Pylône autostable,38m,HIVORY,2026-09-17,EXT,,False,False
525524,BOUYGUES TELECOM,,STATION TDF (PRÉFOL) 42370 ST ALBAN LES EAUX,42198,"46.0097,3.9197",Pylône autostable,25m,TDF,2021-08-24,CHH,28m,False,False
537966,BOUYGUES TELECOM,LTE 2100,CHEM RURAL DIT DE LA GARDE (PIERRE POINTUE) 49690 CORON,49109,"47.1394,-0.6447",Pylône autostable,37m,SFR,,AJO,,False,False
538507,BOUYGUES TELECOM,LTE 2600,R DU LIEUTENANT EYSSERIC R HENRI CARTIER MOULIN N 90 73200 ALBERTVILLE,73011,"45.6633,6.3978",Pylône autostable,40m,TDF,2026-09-02,EXT,,False,False
538591,BOUYGUES TELECOM,"LTE 700, LTE 2100, LTE 2600, 5G NR 2100",CHEM RURAL  (HAIE COCOTTE) 57255 STE MARIE AUX CHENES,57620,"49.1872,6.0125",Pylône autostable,35m,SFR,2026-09-13,EXT,,False,False
544039,BOUYGUES TELECOM,LTE 2100,"A39 PK 312,27 (BOIS DE VILLERS ROBERT) 39120 VILLERS ROBERT",39571,"46.9744,5.5108",Pylône autostable,60m,Sociétés d'Autoroutes,2026-08-29,SUP,,False,False
551067,BOUYGUES TELECOM,UMTS 2100,A 5-PEAGE ST GERMAIN LAXIS (LA FOSSE AUX CHEVAUX) 77950 ST GERMAIN LAXIS,77410,"48.5875,2.7242",Pylône autostable,38m,Sociétés d'Autoroutes,2016-08-29,AJR,,False,False
551067,BOUYGUES TELECOM,LTE 2100,A 5-PEAGE ST GERMAIN LAXIS (LA FOSSE AUX CHEVAUX) 77950 ST GERMAIN LAXIS,77410,"48.5875,2.7242",Pylône autostable,38m,Sociétés d'Autoroutes,,SUP,,False,False
556113,BOUYGUES TELECOM,5G NR 3500,11 R FROMENTIN 75009 PARIS 09,75109,"48.8828,2.3347",Bâtiment,"31,7m",Société Privée,2026-09-11,EXT,,False,False
556505,BOUYGUES TELECOM,LTE 700,RÉÉMETTEUR TDF (BOIS DE HIERGES) 08320 AUBRIVES,08028,"50.0906,4.7661",Pylône autostable,47m,TDF,,SUP,,False,False
560655,BOUYGUES TELECOM,LTE 2100,R DU CANAPÉ A 6 - AIRE DE REPOS 77760 ACHERES LA FORET,77001,"48.3603,2.5747",Pylône autostable,45m,Sociétés d'Autoroutes,,SUP,,False,False
561875,BOUYGUES TELECOM,5G NR 3500,14 AV DE LA GRANDE ARMÉE 75017 PARIS 17,75117,"48.8753,2.2922",Immeuble,32m,Société Privée,2026-08-31,EXT,,False,False
587208,BOUYGUES TELECOM,UMTS 2100,PÉAGE DE MONTREUIL-AUX-LIONS DE L'A A4 77260 STE AULDE,77401,"49.01,3.1447",Pylône autostable,51m,Sociétés d'Autoroutes,2019-09-19,AJR,,False,False
587208,BOUYGUES TELECOM,LTE 2100,PÉAGE DE MONTREUIL-AUX-LIONS DE L'A A4 77260 STE AULDE,77401,"49.01,3.1447",Pylône autostable,51m,Sociétés d'Autoroutes,,SUP,,False,False
591999,BOUYGUES TELECOM,LTE 2100,6 R DU 6 SEPTEMBRE (FIN DE LA BÔLE) 54120 BERTRICHAMPS,54065,"48.4283,6.7994",Pylône autostable,36m,TOTEM,2026-09-13,EXT,,False,False
596579,BOUYGUES TELECOM,LTE 700,R JEAN JACQUES D.129 (LA BRIQUETERIE) 62870 CAMPAGNE LES HESDIN,62204,"50.3911,1.8611",Pylône tubulaire,36m,TDF,,SUP,,False,False
596803,BOUYGUES TELECOM,LTE 2100,CHEM DU BELLAY (SUR LA VILLE) 25620 MAMIROLLE,25364,"47.1939,6.1639",Pylône autostable,30m,TOTEM,2026-09-13,EXT,,False,False
607705,BOUYGUES TELECOM,"LTE 700, 5G NR 3500",CHEM RURAL (FROMENTAUX) 38440 BEAUVOIR DE MARC,38035,"45.5408,5.0825",Pylône autostable,25m,ATC FRANCE,2026-09-13,EXT,,False,False
629151,BOUYGUES TELECOM,LTE 1800,CHEM DE CAMPAGNE  (LA BÉRICHE EST) 42370 LES NOES,42158,"46.0417,3.8367",Pylône autostable,"30,4m",HIVORY,2026-09-16,EXT,,False,False
644697,BOUYGUES TELECOM,LTE 2100,KERBIGUET D 773 (L'ABBAYE) 56380 GUER,56075,"47.9158,-2.1231",Pylône autostable,48m,TDF,2026-09-01,EXT,,False,False
650067,BOUYGUES TELECOM,, (PUNTA DI TRAGUNATU) 20160 BALOGNA,2A028,"42.1772,8.7931",Pylône tubulaire,40m,TDF,2017-05-23,CHH,43m,False,False
659661,BOUYGUES TELECOM,LTE 2100,"A.28 - PK 46,00 AIRE DE REPOS DU BOIS DU COUDROY 76270 CALLENGEVILLE",76122,"49.8131,1.5136",Pylône autostable,50m,DDE,,SUP,,False,False
668420,BOUYGUES TELECOM,LTE 700,RD 223 (LE GAUMINAU) 58700 SICHAMPS,58279,"47.1569,3.2614",Pylône autostable,37m,TDF,2026-09-07,SUP,,False,False
681669,BOUYGUES TELECOM,,ROCHER DE GALZENS CHEM RURAL (LE CAYLA) 81530 VIANE,81314,"43.7311,2.5697",Pylône autostable,28m,TDF,2017-09-28,CHH,26m,False,False
694952,BOUYGUES TELECOM,LTE 2600,9 R DE LA LOGE GARAGE DES CHÂTELETS 22440 PLOUFRAGAN,22215,"48.4794,-2.7944",Pylône autostable,"37,7m",CELLNEX,2026-09-08,EXT,,False,False
710091,BOUYGUES TELECOM,LTE 2100,PÔLE DES SABLONS CHEM RURAL DE LA GARENNE (SEIGNON) 54670 MILLERY,54369,"48.7994,6.1175",Pylône autostable,39m,TOTEM,2026-09-13,SUP,,False,False
726953,BOUYGUES TELECOM,"LTE 700, LTE 800, LTE 1800, LTE 2100, LTE 2600, 5G NR 2100, 5G NR 3500",LE TRIE TETU SUZAC 17110 ST GEORGES DE DIDONNE,17333,"45.5794,-0.9803",Pylône autostable,46m,TDF,2026-09-05,EXT,,False,False
732214,BOUYGUES TELECOM,"LTE 700, 5G NR 2100",CD 37 (HAZEWINDE) 59114 ST SYLVESTRE CAPPEL,59546,"50.7753,2.5639",Tour hertzienne,64m,TDF,,SUP,,False,False
736643,BOUYGUES TELECOM,"LTE 700, LTE 800, LTE 1800, LTE 2100, 5G NR 2100",RUE DE CUMÈNE (AUX QUALOTTES) 54230 NEUVES MAISONS,54397,"48.6192,6.1178",Pylône autostable,38m,TDF,,SUP,,False,True
753476,BOUYGUES TELECOM,"GSM 900, GSM 1800, UMTS 900, UMTS 2100, LTE 800, LTE 1800",R DES RIPPES CHILLEY ZA LES BAISSES 01440 VIRIAT,01451,"46.2469,5.2042",Pylône autostable,30m,TOTEM,2021-03-08,AJR,,False,True
762226,BOUYGUES TELECOM,LTE 2100,43-49 BD AMBROISE CROIZAT 69200 VENISSIEUX,69259,"45.6994,4.8881",Immeuble,25m,Société HLM,2018-12-10,AJR,,False,False
762226,BOUYGUES TELECOM,5G NR 3500,43-49 BD AMBROISE CROIZAT 69200 VENISSIEUX,69259,"45.6994,4.8881",Immeuble,25m,Société HLM,,SUP,,False,False
764206,BOUYGUES TELECOM,LTE 700,D 164 CHÂTEAU D EAU (LE MARAIS) 14100 ST MARTIN DE MAILLOC,14626,"49.0742,0.29",Château d'eau - réservoir,52m,"Syndicat des eaux, Adduction",2026-09-17,EXT,,False,False
776224,BOUYGUES TELECOM,5G NR 3500,"56, R DU CLOUZIT 17200 ROYAN",17306,"45.6339,-1.0256",Château d'eau - réservoir,"42,5m","Ets public, Minist, Synd mixt",2026-09-04,EXT,,False,False
797912,BOUYGUES TELECOM,,R DU CIMETIÈRE PYLONE TDF 78790 SEPTEUIL,78591,"48.8969,1.6803",Pylône autostable,42m,TDF,2018-09-26,CHH,46m,False,False
798855,BOUYGUES TELECOM,LTE 2100,RN 4 Z.A. LE TAMBOUR (LE BOIS DU TAMBOUR) 54840 GONDREVILLE,54232,"48.6903,6.0092",Pylône tubulaire,"23,5m",TOTEM,2026-09-13,SUP,,False,False
801683,BOUYGUES TELECOM,LTE 2100,ECH N° 14 DE BONNIÈRES - A13A CHEM DE LA VILLENEUVE (BONNIÈRES) 78710 ROSNY SUR SEINE,78531,"49.015,1.5872",Pylône autostable,"30,5m",SFR,,SUP,,False,False
824060,BOUYGUES TELECOM,LTE 700,43 R VERDUN CDVI MÉTAL 94500 CHAMPIGNY SUR MARNE,94017,"48.8164,2.4867",Bâtiment,25m,Société Privée,2026-09-17,EXT,,False,False
827543,BOUYGUES TELECOM,LTE 2100,"17,19 BD BARNIÈRE  FOYER SONACOTRA 13010 MARSEILLE 10",13210,"43.2817,5.4075",Bâtiment,32m,Société HLM,,AJO,,False,False
887354,BOUYGUES TELECOM,"LTE 700, LTE 1800, LTE 2600, 5G NR 2100",135 R DU 19 MARS 1962 29800 LANDERNEAU,29103,"48.4625,-4.2658",Pylône autostable,"34,2m",ATC FRANCE,,SUP,,False,False
