id_support,operateur,technologie,adresse,code_insee,coordonnees,type_support,hauteur_support,proprietaire_support,action,infos,liste_azimut,date_activ,is_zb,is_new
1023760,ORANGE,5G NR 700,222 R ST PIERRE BATIMENT D 13005 MARSEILLE 05,13205,"43.2922,5.3997",Bâtiment,37m,Société HLM,AAV,,30|150|270,2026-09-18,False,False
1033093,ORANGE,5G NR 3500,3 RUE CHARLES TELLIER 56300 PONTIVY,56178,"48.0553,-2.9667",Pylône tubulaire,32m,TOTEM,ART,,60|180|300,2025-10-27,False,False
1084404,ORANGE,5G NR 3500,CHEMIN DU TEMPLE 13280 ARLES,13004,"43.6994,4.6375",Pylône tubulaire,19m,TOTEM,ART,,35|160|240,2026-02-27,False,False
1146880,ORANGE,"LTE 700, LTE 800, 5G NR 2100",SOMMET-PYLONE TDF PYLONE TDF (LE PUY DE DOME) 63870 ORCINES,63263,"45.7725,2.9647",Bâtiment,20m,TDF,AJO,,220|310,,False,False
1151809,ORANGE,5G NR 3500,69 RUE DUGUESCLIN 69006 LYON 06,69386,"45.7711,4.8472",Immeuble,"28,3m","Copropriété, Syndic, SCI",ART,,30|170|300,2025-11-24,False,False
1275241,ORANGE,5G NR 3500,16 RUE DU MÉDECIN LIEUTENANT LÉPINE 06400 CANNES,06029,"43.5506,7.0278",Bâtiment,"30,4m",Société Privée,ART,,85|205|325,2026-06-22,False,False
1292161,ORANGE,5G NR 3500,2 RUE GUILLAUME DE MORTAGNE RUE HENRI MANSARD 59200 TOURCOING,59599,"50.7364,3.1758",Immeuble,34m,Société HLM,ART,,30|150|270,2026-04-02,False,False
1314315,ORANGE,"5G NR 700, 5G NR 3500",ROUTE DE LYON STADE 01090 MONTMERLE SUR SAONE,01263,"46.075,4.7647",Pylône tubulaire,31m,TOTEM,ART,,60|160|320,2025-10-21,False,False
1326531,ORANGE,5G NR 3500,RUE LAPLACE ANCIENS ETS CHARVET 41000 BLOIS,41018,"47.6047,1.3356",Pylône autostable,27m,TOTEM,ART,,30|150|270,2025-10-01,False,False
1370975,ORANGE,5G NR 3500,29 BD RASPAIL 84140 AVIGNON,84007,"43.9444,4.8006",Bâtiment,20m,Société Privée,ART,,60|180|280,2025-06-23,False,False
1385020,ORANGE,,RTE DE REVEL CHÂTEAU D'EAU 31450 FOURQUEVAUX,31192,"43.4981,1.6233",Pylône tubulaire,35m,HIVORY,CHI,2313466,,,False,True
1398612,ORANGE,5G NR 3500, (LES PEYSES) 73160 VIMINES,73326,"45.5461,5.8433",Pylône autostable,"37,7m",TOTEM,ART,,40|120,2026-06-01,False,False
1529612,ORANGE,5G NR 3500,6 RUE DE LA BUSSERINE LA BUSSERINE TOUR Q 13014 MARSEILLE 14,13214,"43.3317,5.3981",Immeuble,58m,Société HLM,ART,,30|140|240,2026-01-16,False,False
1535138,ORANGE,5G NR 2100, (LE ROCAMP SUD) 30360 ST MAURICE DE CAZEVIEILLE,30285,"44.0281,4.2394",Pylône tubulaire,20m,ATC FRANCE,ALL,,0|100|260,2026-09-08,False,False
1540735,ORANGE,5G NR 3500,AVENUE DES GARRIGUES CTRE DE VACANCES LES ROMARINS ST PIERRE SUR MER 11560 FLEURY,11145,"43.1825,3.1878",Bâtiment,"17,7m",EDF ou GDF,ART,,40|200|280,2026-05-15,False,False
1545946,ORANGE,LTE 700, (HENGSTGERICHT IM HAEGEN) 67490 DETTWILLER,67089,"48.7628,7.4778",Pylône autostable,"25,4m",SNCF Réseau,AAV,,135|300,2026-09-23,False,False
1571956,ORANGE,"5G NR 700, 5G NR 3500",STATION HERTZIENNE (GÉMEILLAN) 33480 STE HELENE,33417,"44.9636,-0.8536",Pylône autostable,82m,TOTEM,ART,,40|180|280,2025-09-24,False,False
1600935,ORANGE,"UMTS 900, LTE 700, LTE 800, LTE 1800, LTE 2100", (LE BOIS DE GALICET) 78270 ROLLEBOISE,78528,"49.0236,1.6028",Tunnel,"6,6m",SNCF Réseau,ART,,155|335,2025-02-20,False,True
1615631,ORANGE,5G NR 3500,12 RUE SAINT MICHEL 28000 CHARTRES,28085,"48.4433,1.4906",Bâtiment,"18,7m","Commune, communauté de commune",ART,,90|265|355,2026-04-24,False,False
1624159,ORANGE,5G NR 3500,AVENUE EISENHOWER 69005 LYON 05,69385,"45.7558,4.7825",Immeuble,35m,Société HLM,ART,,10|100|200,2025-09-30,False,False
1624993,ORANGE,5G NR 700,PL. DU GÉNÉRAL LECLERC HOTEL DE VILLE 02000 LAON,02408,"49.565,3.6206",Bâtiment,25m,"Commune, communauté de commune",AAV,,0|120|240,2026-09-25,False,False
1634454,ORANGE,5G NR 700,RUE DE BOURNE END PLACE DU GÉNÉRAL DE GAULLE 76930 OCTEVILLE SUR MER,76481,"49.5556,0.1164",Monument religieux,44m,"Commune, communauté de commune",AAV,,45|145|225|315,2026-09-25,False,False
1634454,ORANGE,LTE 800,RUE DE BOURNE END PLACE DU GÉNÉRAL DE GAULLE 76930 OCTEVILLE SUR MER,76481,"49.5556,0.1164",Monument religieux,44m,"Commune, communauté de commune",EXT,,45|145|225|315,2026-09-25,False,False
1642917,ORANGE,"5G NR 700, 5G NR 3500",CHEMIN DES TIBANES (LES EFFORES) 38220 LAFFREY,38203,"45.0375,5.7894",Pylône autostable,45m,TOTEM,ART,,215|320,2026-07-06,False,False
1682115,ORANGE,5G NR 3500,RTE DE CHIROUBLES (LES TRIONS) 69220 LANCIE,69108,"46.1733,4.7072",Pylône autostable,26m,TOTEM,ART,,50|170|290,2025-10-09,False,False
1685024,ORANGE,5G NR 2100,FONTALLÈS (LES MAZUTS) 46090 ARCAMBAL,46007,"44.4478,1.5539",Pylône autostable,"36,5m",ATC FRANCE,ALL,,20|160|260,2026-09-08,False,False
1691405,ORANGE,5G NR 3500,A 40 DIRECTION GENÈVE (GARE DE PÉAGE DE VIRY) 74580 VIRY,74309,"46.1192,6.0111",Pylône autostable,30m,TOTEM,ART,,140|240|320,2025-05-19,False,False
1700148,ORANGE,5G NR 3500,RUE MARJOLAINE (LES CONDAMINES) 26740 LES TOURRETTES,26353,"44.665,4.7981",Pylône tubulaire,"30,4m","Commune, communauté de commune",ART,,180|260|355,2025-06-26,False,False
1709503,ORANGE,"LTE 1800, 5G NR 2100",HÔTEL DE VILLE DE CORNEILHAN PLACE DE L'HÔTEL DE VILLE 34490 CORNEILHAN,34084,"43.4,3.1933",Bâtiment,"11,6m","Commune, communauté de commune",ART,,0|135|245,2026-03-09,False,False
1735321,ORANGE,"LTE 800, 5G NR 700",R D'ORS - R DES FUSILLÉS STADE MUNICIPAL 59222 BOUSIES,59099,"50.1503,3.6097",Pylône tubulaire,32m,HIVORY,ALL,,60|160|280,2026-09-15,False,True
1738078,ORANGE,LTE 700,PRÈS N 157 (ST HUBERT LES ROCHES) 72470 CHAMPAGNE,72054,"48.0078,0.3375",Pylône autostable,36m,TOTEM,ALL,,0|110|270,2026-09-17,False,False
1745836,ORANGE,5G NR 700,ALLÉE DU PARC 94370 SUCY EN BRIE,94071,"48.7617,2.5422",Pylône tubulaire,37m,BOUYGUES,ALL,,100|330,2026-09-16,False,False
1770684,ORANGE,"5G NR 700, 5G NR 3500",RÉSERVOIR DE LA FONTAINE ARDENTE (MONTBONNOT) 38240 MEYLAN,38229,"45.2336,5.7769",Château d'eau - réservoir,12m,"Syndicat des eaux, Adduction",ART,,80|150,2025-10-23,False,False
1785916,ORANGE,5G NR 700,EGLISE CATHOLIQUE PLACE DU GÉNÉRAL DE GAULLE 67460 SOUFFELWEYERSHEIM,67471,"48.6353,7.7419",Monument religieux,"35,5m","Commune, communauté de commune",EXT,,80|170|260,2026-09-24,False,False
1791503,ORANGE,"LTE 700, 5G NR 2100",ROUTE DES RESERVOIRS CHATEAU D'EAU DE BRACHY PRES D270 76810 GREUVILLE,76327,"49.8028,0.9169",Château d'eau - réservoir,"47,5m","Syndicat des eaux, Adduction",AJO,,60|170|320,,False,False
1791503,ORANGE,"GSM 900, LTE 2100",ROUTE DES RESERVOIRS CHATEAU D'EAU DE BRACHY PRES D270 76810 GREUVILLE,76327,"49.8028,0.9169",Château d'eau - réservoir,"47,5m","Syndicat des eaux, Adduction",SUP,,60|170|320,GSM 900: 2006-09-30; LTE 2100: 2019-12-05,False,False
1813051,ORANGE,5G NR 2100,CHEMIN RURAL (LES GRAVETTES) 24640 BASSILLAC ET AUBEROCHE,24026,"45.1031,0.9553",Pylône autostable,36m,TOTEM,AJO,,40|180|300,,False,False
1813051,ORANGE,LTE 2100,CHEMIN RURAL (LES GRAVETTES) 24640 BASSILLAC ET AUBEROCHE,24026,"45.1031,0.9553",Pylône autostable,36m,TOTEM,SUP,,40|180|300,2021-08-19,False,False
1860882,ORANGE,5G NR 3500,RUE SADI CARNOT 34140 MEZE,34157,"43.4258,3.6078",Monument religieux,"26,4m","Commune, communauté de commune",ART,,65|155|245|335,2026-04-27,False,False
1880579,ORANGE,5G NR 3500,10 RUE RIBOUD 69003 LYON 03,69383,"45.7619,4.8636",Bâtiment,"25,4m",Particulier,ART,,40|150,2025-12-01,False,False
1881989,ORANGE,LTE 800,122 R ANDRE JACQUES PARKING FALAISE 73000 CHAMBERY,73065,"45.5622,5.9261",Bâtiment,23m,Société Privée,ALL,,15|300,2026-09-09,False,False
1889631,ORANGE,5G NR 3500,ENTRE D572 ET D15 (VIGNEROLLES) 13330 PELISSANNE,13069,"43.6289,5.1372",Pylône autostable,"34,5m",TOTEM,ART,,0|150|260,2025-11-20,False,False
1918075,ORANGE,5G NR 3500,CHEMIN DU HAUT DES ROVARIÈRES 28220 CLOYES LES TROIS RIVIERES,28103,"48.0017,1.2453",Pylône autostable,40m,TDF,ART,,40|170|260,2025-09-04,False,False
1919773,ORANGE,5G NR 3500,TRIBUNE LEPAGNOT AVENUE ALFRED MAES (STADE BOLLAERT-DELELIS) 62300 LENS,62498,"50.4322,2.815",Bâtiment,"39,3m",Société Privée,ART,,170,2026-01-26,False,False
1925381,ORANGE,5G NR 3500,RUE DU 505ÈME RCC 56000 VANNES,56260,"47.6614,-2.7436",Pylône tubulaire,"34,5m",TOTEM,ART,,60|190|280,2025-12-08,False,False
1932890,ORANGE,5G NR 700,PRÈS D 69 CHEM RURAL N°27 (LA MORLANDE) 50480 PICAUVILLE,50400,"49.3797,-1.4075",Pylône autostable,29m,ATC FRANCE,AAV,,30|150|270,2026-09-24,False,False
1933025,ORANGE,5G NR 3500,13 R ANATOLE LE BRAZ STADE LOUIS CHEVÉ 22600 LOUDEAC,22136,"48.1836,-2.7625",Pylône tubulaire,27m,"Commune, communauté de commune",ART,,30|150|270,2025-05-21,False,False
1955889,ORANGE,5G NR 3500,BLD DE L'ESTÉREL 83700 ST RAPHAEL,83118,"43.4333,6.8861",Pylône tubulaire,12m,TOTEM,ART,,50|260,2026-06-05,False,False
1960739,ORANGE,, (MAS NEUF ET AUROUX) 34130 MAUGUIO,34154,"43.6183,3.9822",Pylône tubulaire,30m,TOTEM,CHT,Pylône autostable,,,False,False
1962379,ORANGE,5G NR 3500,ROUTE DES SALLES CORMAND (POLATIEU) 74490 ST JEOIRE,74241,"46.1194,6.4875",Pylône autostable,24m,TOTEM,ART,,50|335,2025-12-08,False,False
1970507,ORANGE,LTE 700,RESTAURANT LE TREMBLANT (LE TREMBLANT) 40240 LUBBON,40161,"44.1283,0.0136",Pylône haubané,37m,TOTEM,ALL,,10|80|220,2026-09-14,False,False
1994400,ORANGE,5G NR 3500,AV PAUL MARCELLIN STADE JOMARD 69120 VAULX EN VELIN,69256,"45.7764,4.9336",Pylône tubulaire,21m,TOTEM,ART,,30|150|270,2025-08-28,False,False
2010230,ORANGE,LTE 2100,ZA DU BOSC (LES MAYOLS) 34130 MUDAISON,34176,"43.64,4.0181",Pylône autostable,30m,TOTEM,ALL,,40|220|300,2026-09-09,False,False
2033603,ORANGE,5G NR 3500,43 RUE JEAN JAURÈS 42150 LA RICAMARIE,42183,"45.3983,4.3572",Bâtiment,20m,Particulier,ART,,0|65|265,2026-08-14,False,False
2038485,ORANGE,5G NR 3500,5-7 AV DE MENIVAL 69005 LYON 05,69385,"45.7553,4.7881",Immeuble,35m,"Copropriété, Syndic, SCI",ART,,20|110|210,2026-06-18,False,False
2052512,ORANGE,5G NR 3500,1 R CONSTANTINE RÉSIDENCE PRÉ CATELAN 59110 LA MADELEINE,59368,"50.6542,3.0592",Immeuble,22m,"Copropriété, Syndic, SCI",ART,,30|150|270,2025-11-28,False,False
2056407,ORANGE,5G NR 700, (LES WARDES) 54960 MERCY LE BAS,54362,"49.3881,5.7658",Pylône autostable,45m,HIVORY,AAV,,80|190|300,2026-09-23,False,False
2084418,ORANGE,5G NR 3500,L'HOSTE DU FAU RTE D'AUBENAS PRÈS N 102 (LUTTE) 07380 PRADES,07182,"44.6422,4.3322",Pylône autostable,18m,TOTEM,ART,,70|305,2025-05-30,False,False
2084937,ORANGE,5G NR 700,RUE DU MARECHAL LECLERC RÉSIDENCE VILLÈRES CAMPO 59490 SOMAIN,59574,"50.3619,3.2736",Immeuble,20m,Société HLM,ALL,,20|120|220,2026-09-17,False,False
2089551,ORANGE,5G NR 2100, (TENUE DES GRAILLINS) 86800 LAVOUX,86124,"46.6036,0.5325",Pylône autostable,30m,TOTEM,ALL,,0|100|210,2026-09-11,False,False
2120511,ORANGE,"LTE 1800, 5G NR 2100",ROUTE DU CIMETIÈRE (GRAND PRÉ) 04120 LA GARDE,04092,"43.8283,6.5572",Pylône autostable,20m,ATC FRANCE,ART,,100|320,2026-06-22,False,False
2131410,ORANGE,LTE 700,PRÈS D311 ANCIENNE VOIE ROMAINE BRENUCHE (LE HAUT BRAY) 72600 ST LONGIS,72295,"48.3533,0.3189",Pylône autostable,30m,ATC FRANCE,AAV,,70|190|310,2026-09-23,False,False
2148262,ORANGE,LTE 700,ANCIENNE VOIE COMMUNALE N°3 EN BORDURE DE LA LGV TOURS-BORDEAUX LES REBARDIÈRES (PIBAUDRY) 37800 PUSSIGNY,37190,"46.9936,0.5442",Pylône autostable,30m,TOTEM,AJO,,30|240,,False,False
2163894,ORANGE,5G NR 3500,CHEMIN DE LA CHARLOTTE 06330 ROQUEFORT LES PINS,06105,"43.6586,7.0575",Pylône autostable,"26,5m",TOTEM,ART,,50|200|310,2025-06-27,False,False
2163929,ORANGE,5G NR 3500,RUE NOTRE DAME 44580 VILLENEUVE EN RETZ,44021,"47.0425,-1.9533",Monument religieux,48m,"Commune, communauté de commune",ART,,45|135|225|315,2025-07-22,False,False
2198084,ORANGE,5G NR 3500,AVENUE DE L'OCÉAN 33970 LEGE CAP FERRET,33236,"44.6564,-1.2422",Mobilier urbain,"3,5m",Société Privée,AJO,,85|265,,False,False
2207391,ORANGE,5G NR 3500,2 RUE SAINT-THÉODORE 69003 LYON 03,69383,"45.7494,4.8633",Bâtiment,"23,7m",Société Privée,ART,,40|150|270,2026-04-13,False,False
2209890,ORANGE,"5G NR 700, 5G NR 3500",RUE DE LA HALTE 45110 ST MARTIN D ABBAT,45290,"47.8569,2.2711",Pylône tubulaire,25m,TOTEM,ALL,,50|170|280,2026-09-11,False,False
2214064,ORANGE,5G NR 3500,QUARTIER AGNARONE VILLAGE DE L'OSPÉDALE (L'OSPEDALE) 02247,2A247,"41.6522,9.1919",Pylône autostable,20m,TOTEM,ART,,90|180,2026-06-08,False,False
2215753,ORANGE,5G NR 3500,1 RUE CHARLES DARWIN (LE SEQUER NEVEZ) 29120 PONT L ABBE,29220,"47.8608,-4.2425",Pylône autostable,30m,TOTEM,ART,,50|140|280,2026-02-06,False,False
222571,ORANGE,5G NR 3500,PL F.R. DULANLOY EGLISE DE VALLET 44330 VALLET,44212,"47.1614,-1.265",Monument religieux,45m,"Commune, communauté de commune",ART,,30|150|270,2026-02-09,False,False
2236634,ORANGE,5G NR 3500,28 AVENUE NOTRE DAME HOTEL MERCURE 06300 NICE,06088,"43.7036,7.2667",Bâtiment,"33,8m","Copropriété, Syndic, SCI",ART,,65|240|315,2026-01-05,False,False
2238260,ORANGE,5G NR 2100,VOIE COMMUNALE N°5 CENTRE TECHNIQUE (LA GÉRARDAIS) 35290 QUEDILLAC,35234,"48.2492,-2.1472",Pylône autostable,40m,TOTEM,AJO,,80|170|350,,False,False
2239280,ORANGE,LTE 700, (L'OISELIÈRE) 76430 LES TROIS PIERRES,76714,"49.5469,0.3889",Pylône autostable,43m,"Commune, communauté de commune",ALL,,130|230|320,2026-09-17,False,False
2251163,ORANGE,5G NR 3500,2 BOULEVARD MARIUS VIVIER MERLE 69003 LYON 03,69383,"45.7636,4.8572",Immeuble,"30,1m","Copropriété, Syndic, SCI",ART,,10|150|235,2026-03-19,False,False
2263827,ORANGE,,RUE DES TOURNESOLS (SUR LES OUCHES) 16290 DOUZAT,16121,"45.7081,-0.0011",Pylône autostable,"24,2m",ATC FRANCE,CHH,24m,,,False,False
2269977,ORANGE,5G NR 700,CHEMIN RURAL N° 2 D'ORCIER AU GRAND MARAIS (LES MARQUISATS) 74550 ORCIER,74206,"46.3158,6.4889",Pylône autostable,25m,TOTEM,ALL,,45|200|320,2026-09-16,False,False
2313669,ORANGE,LTE 1800, (LES GRANDES VERGNES) 85170 DOMPIERRE SUR YON,85081,"46.7664,-1.3969",Pylône autostable,40m,ON TOWER FRANCE,ART,,50|160|300,2026-02-18,False,False
2328444,ORANGE,5G NR 3500,GARE SNCF DE BERRE (L'AUBETTE) 13130 BERRE L ETANG,13014,"43.5011,5.1786",Pylône autostable,20m,ORANGE,ART,,30|150|270,2025-12-23,False,False
2420215,ORANGE,5G NR 2100,ROUTE SIMON DUMARTIN (COTON) 40160 YCHOUX,40332,"44.375,-0.9561",Pylône autostable,30m,TDF,AJO,,0|180,,False,False
2428397,ORANGE,5G NR 3500,7 BOULEVARD JEAN JAURES HOTEL DE VILLE 13400 AUBAGNE,13005,"43.2922,5.5694",Bâtiment,"21,8m","Commune, communauté de commune",ART,,60|170|290,2025-07-11,False,False
2434731,ORANGE,"LTE 2100, LTE 2600",PYLÔNE S/AUTOROUTE (CHEMIN PRE LONG) 69210 LENTILLY,69112,"45.8333,4.6856",Pylône autostable,30m,TOTEM,ART,,70|170|320,2025-08-01,False,False
2434915,ORANGE,5G NR 2100,ACCÈS PAR LA D40 PUIS VC (LES MAUFRUITS) 16560 COULGENS,16107,"45.8144,0.2783",Pylône autostable,36m,TDF,ALL,,120|220|340,2026-09-08,False,False
2438460,ORANGE,"5G NR 700, 5G NR 3500",ROUTE DE TILLY SUR SEULLES 14250 FONTENAY LE PESNEL,14278,"49.1722,-0.5886",Château d'eau - réservoir,35m,"Syndicat des eaux, Adduction",AJO,,90|260,,False,False
2438460,ORANGE,GSM 900,ROUTE DE TILLY SUR SEULLES 14250 FONTENAY LE PESNEL,14278,"49.1722,-0.5886",Château d'eau - réservoir,35m,"Syndicat des eaux, Adduction",SUP,,90|260,1998-09-18,False,False
2450119,ORANGE,5G NR 3500,AVENUE GENERAL DE GAULLE PARKING CENTRE LECLERC 85200 FONTENAY LE COMTE,85092,"46.4644,-0.8233",Pylône tubulaire,34m,TOTEM,ART,,20|110|300,2026-08-11,False,False
2477926,ORANGE,LTE 1800, (WALDBRUDERRAIN) 67530 BOERSCH,67052,"48.4706,7.4025",Pylône autostable,42m,SFR,AJO,,100|220|330,,True,False
2479673,ORANGE,"GSM 900, UMTS 900, LTE 700, LTE 800, LTE 1800, LTE 2100, LTE 2600, 5G NR 3500",MAGASIN AUDI (QUARTIER LE FINOSELLO) 02340 AGNICOURT ET SECHELLES,2A004,"41.9483,8.7694",Pylône tubulaire,"17,4m",ORANGE,SUP,,0|80|260,5G NR 3500: 2021-11-26; GSM 900: 2021-11-19; LTE 1800: 2021-11-10; LTE 2100: 2021-11-10; LTE 2600: 2021-11-10; LTE 700: 2021-09-09; LTE 800: 2021-09-09; UMTS 900: 2021-11-16,False,False
2496591,ORANGE,5G NR 3500,29 R FREDERIC BASTIAT 64100 BAYONNE,64102,"43.4928,-1.4736",Mobilier urbain,3m,Société Privée,AJA,,165|245,2026-09-14,False,False
2514021,ORANGE,"LTE 2600, 5G NR 2100",ROUTE DE D31 VERS PETIT PARIS (LA COSTE) 24260 LE BUGUE,24067,"44.9256,0.9478",Pylône autostable,45m,ORANGE,ALL,,50|160|290,2026-09-09,False,False
2526428,ORANGE,5G NR 2100,RUE DE SENS D58 (LE TUREAU) 89140 VILLEPERROT,89465,"48.2547,3.2375",Pylône autostable,39m,TDF,ALL,,160|330,2026-09-09,False,False
2593966,ORANGE,5G NR 2100,ROUTE DU FUT FROID (LES SAUVAGES) 69860 DEUX GROSNES,69135,"46.2389,4.5992",Pylône autostable,32m,TDF,AJA,,175|300,2026-09-14,False,False
2593966,ORANGE,GSM 900,ROUTE DU FUT FROID (LES SAUVAGES) 69860 DEUX GROSNES,69135,"46.2389,4.5992",Pylône autostable,32m,TDF,SUP,,175|300,2005-05-14,False,False
262713,ORANGE,5G NR 700,"41/45, AV JEAN-JACQUES ROUSSEAU 93190 LIVRY GARGAN",93046,"48.9286,2.5417",Immeuble,"14,7m","Copropriété, Syndic, SCI",AJO,,110|230|350,,False,False
262713,ORANGE,LTE 700,"41/45, AV JEAN-JACQUES ROUSSEAU 93190 LIVRY GARGAN",93046,"48.9286,2.5417",Immeuble,"14,7m","Copropriété, Syndic, SCI",SUP,,110|230|350,2023-11-30,False,False
2652170,ORANGE,5G NR 2100,DÉPARTEMENTALE N°28 (LES BOURGUIGNONNES) 86430 ASNIERES SUR BLOUR,86011,"46.1578,0.7992",Pylône autostable,30m,TOTEM,AJO,,10|120|270,,False,False
267836,ORANGE,5G NR 3500,R A MONTICELLI 13127 VITROLLES,13117,"43.4444,5.2536",Immeuble,29m,Société HLM,ART,,5|100|270,2025-07-16,False,False
2693571,ORANGE,5G NR 3500,50 BD DE LA MER ANGLE RUE DOCTEUR BARRAUD MUPI 17340 CHATELAILLON PLAGE,17094,"46.075,-1.0936",Mobilier urbain,3m,Société Privée,AJO,,180|340,,False,False
2731657,ORANGE,5G NR 2100,CHE DE COUPIAC (BOIS DE COUPIAC) 46300 GOURDON,46127,"44.7133,1.3389",Pylône autostable,35m,ON TOWER FRANCE,ALL,,100|230|340,2026-09-14,False,False
2772548,ORANGE,LTE 1800,CHEMIN NEUWEG 68420 HUSSEREN LES CHATEAUX,68150,"48.035,7.2772",Pylône tubulaire,"12,4m",SFR,AJO,,50|150,,True,False
2784055,ORANGE,,CHEMIN DES VIGNES (LA GRANDE PIÈCE) 55150 ROMAGNE SOUS LES COTES,55437,"49.3197,5.4692",Pylône autostable,31m,HIVORY,CHH,44m,,,False,False
2796721,ORANGE,5G NR 3500,CHEMIN RURAL PROCHE DE ROUTE D'ENTRAIGUES PROCHE STATION D ÉPURATION (CHAMP DU MAILLET) 63720 CHAPPES,63089,"45.8736,3.2289",Pylône autostable,25m,ATC FRANCE,ART,,55|210|300,2025-06-03,False,False
2800278,ORANGE,LTE 1800,ROUTE DE CAL CASCAT (MAS D'EN CASALS) 66400 REYNES,66160,"42.4767,2.7136",Pylône autostable,36m,SFR,AJO,,60|200|270,,True,False
2819253,ORANGE,5G NR 3500,PLACE DE LA MAIRIE EHPAD DE LA SAGESSE 35800 ST BRIAC SUR MER,35256,"48.6183,-2.1314",Bâtiment,"18,1m","Commune, communauté de commune",ART,,50|180|315,2025-05-22,False,False
283251,ORANGE,"LTE 2600, 5G NR 2100",CAMP MILITAIRE DE SISSONNE 02150 SISSONNE,02720,"49.5681,3.9139",Pylône autostable,54m,TDF,ALL,,60|180|290,2026-09-10,False,False
2850853,ORANGE,LTE 1800,PRES DU CHEMIN RURAL DE THUIR À CAMELAS (MAS DELS HORTS) 66300 CAMELAS,66033,"42.6289,2.6775",Pylône autostable,43m,TDF,AJO,,90|150|330,,True,False
2870220,ORANGE,5G NR 3500,7 RUE RENE COTY 27140 GISORS,27284,"49.2769,1.7769",Immeuble,20m,Société HLM,ART,,30|170|270,2026-04-13,False,False
2873642,ORANGE,5G NR 2100,LE PEUX (LA CROIX DU PEUX) 86430 MOUTERRE SUR BLOURDE,86172,"46.1989,0.7522",Pylône autostable,24m,ORANGE Services Fixes,AJO,,20|130|270,,False,False
287988,ORANGE,5G NR 3500,R DU CHEM DU MAURE ADM. : ALLÉE DU STADE STADE DE DAMIGNY 61250 DAMIGNY,61143,"48.4469,0.0778",Pylône tubulaire,30m,TOTEM,ART,,30|150|270,2026-07-09,False,False
2886661,ORANGE,"5G NR 700, 5G NR 3500",100 ROUTE DE MARCÉ (LA CROIX) 49140 SEICHES SUR LE LOIR,49333,"47.5786,-0.3492",Pylône autostable,40m,TOTEM,AJO,,30|150|270,,False,False
2886661,ORANGE,LTE 700,100 ROUTE DE MARCÉ (LA CROIX) 49140 SEICHES SUR LE LOIR,49333,"47.5786,-0.3492",Pylône autostable,40m,TOTEM,SUP,,30|150|270,2024-10-21,False,False
2890760,ORANGE,"UMTS 900, LTE 700, LTE 800",RD 56 FRASSO (POGGIO) 02348,2A348,"42.1525,8.7744",Pylône autostable,24m,SFR,SUP,,0|120|220,,False,True
2894584,ORANGE,"UMTS 900, LTE 700, LTE 800",ROUTE DE CAILHAULES GRAVES 11300 BRUGAIROLLES,11053,"43.1319,2.1528",Pylône autostable,"20,8m",FREE-MOBILE,AJR,,50|160|280,LTE 700: 2025-04-15; LTE 800: 2025-04-15; UMTS 900: 2025-04-28,True,True
2916926,ORANGE,,CRÊT DE LERNIER ET DE LA PERRI 25370 METABIEF,25380,"46.7639,6.345",Pylône tubulaire,25m,TOTEM,CHT,Pylône autostable,,,False,False
2926026,ORANGE,"LTE 1800, 5G NR 2100",MOULINS DE BAULCHE 89240 CHEVANNES,89102,"47.7597,3.4919",Pylône autostable,42m,TOTEM,ALL,,70|200|300,2026-09-09,False,False
2929236,ORANGE,5G NR 3500,CHEMIN DE LA FRAISNAIE (LES MOULINS) 14710 ST LAURENT SUR MER,14605,"49.3678,-0.8792",Pylône tubulaire,31m,TOTEM,ART,,115|205|300,2025-07-30,False,False
2940871,ORANGE,"LTE 700, LTE 800, LTE 1800, 5G NR 3500", (FIGUERA D'EN PALA) 66670 BAGES,66011,"42.6089,2.9119",Pylône autostable,36m,TOTEM,CHZ,CHZ (fréquences: LTE 1800) : 10|90|250 -> 100|230|330; CHZ (fréquences: LTE 700) : 10|90|250 -> 100|230|330; CHZ (fréquences: LTE 800) : 10|90|250 -> 100|230|330; CHZ (fréquences: 5G NR 3500) : 10|90|250 -> 100|230|330,100|230|330,5G NR 3500: 2026-09-14; LTE 1800: 2026-08-03; LTE 800: 2026-08-03,False,True
2954119,ORANGE,"LTE 700, LTE 800",VOIE COMMUNALE N°15P PROCHE A77 (RIVES DE BOIS) 45420 BONNY SUR LOIRE,45040,"47.6083,2.8172",Pylône autostable,36m,TOTEM,ALL,,50|140|310,2026-09-15,False,True
2965466,ORANGE,5G NR 2100,CHEMIN DES PRATS RÉSERVOIR (LES PRATS) 30960 ST JEAN DE VALERISCLE,30268,"44.2386,4.1331",Pylône autostable,19m,TOTEM,ALL,,0|120|240,2026-09-10,False,False
2972260,ORANGE,"LTE 700, LTE 800, LTE 1800, 5G NR 2100",1132 ROUTE DU  CHATEAU  DU ROURET (PIC CHARNAL) 07120 GROSPIERRES,07101,"44.3814,4.2792",Pylône autostable,24m,CELLNEX,AJO,,10|220|290,,False,True
2972412,ORANGE,5G NR 3500,CR N° 5 DU PASSAGE À NIVEAU DE ST HERVÉ À LA BRASS (LE CHAMP DU PONT) 22440 PLOUFRAGAN,22215,"48.5017,-2.8092",Pylône autostable,30m,TOTEM,ART,,80|200|320,2026-04-27,False,False
3001014,ORANGE,5G NR 2100,RTE GROUPE GARDETTES (LES GALÈGES) 24750 BOULAZAC ISLE MANOIRE,24053,"45.1158,0.8228",Pylône autostable,36m,TOTEM,ALL,,0|120|240,2026-09-10,False,False
3029214,ORANGE,5G NR 2100,PROCHE ROUTE DE LIGUGE LE BOIS DU FIEF CLAIRET (LE POIRE) 86240 LIGUGE,86133,"46.5361,0.3228",Pylône autostable,42m,TOTEM,ALL,,50|200|250,2026-09-09,False,False
3039718,ORANGE,5G NR 700,625BIS ROUTE DES MARAIS 73790 TOURS EN SAVOIE,73298,"45.6603,6.4253",Pylône autostable,30m,ATC FRANCE,AAV,,120|290,2026-09-18,False,False
3049936,ORANGE,5G NR 3500,374 CHEMIN DES BRUYERES (FERME CHOSSON) 26000 VALENCE,26362,"44.9422,4.9578",Pylône autostable,25m,TOTEM,ART,,15|130|232,2025-06-30,False,False
3050570,ORANGE,"LTE 700, LTE 800, LTE 1800, 5G NR 2100",RUE DU SOLEIL LEVANT (BOIS DU FOY) 80132 BELLANCOURT,80078,"50.0892,1.9183",Pylône autostable,"36,3m",SFR,AJO,,50|220|310,,False,True
3057423,ORANGE,"LTE 700, LTE 800",RUE DU FORT MAHON (LE FOND D'HALEMMES) 62870 GOUY ST ANDRE,62382,"50.3731,1.9122",Pylône autostable,30m,ATC FRANCE,ALL,,60|180|300,2026-09-17,False,True
3058706,ORANGE,5G NR 3500,31 AV DE LA LIBÉRATION (LE BERNAGE) 03000 MOULINS,03190,"46.56,3.3169",Immeuble,19m,"Copropriété, Syndic, SCI",ART,,30|150|270,2025-12-22,False,False
3062109,ORANGE,"5G NR 700, 5G NR 3500",330 FBG DES CONDAMINES 266 AV DU GENERAL DE GAULLE (LES CONDAMINES II) 84300 CAVAILLON,84035,"43.8411,5.0406",Immeuble,"17,7m","Copropriété, Syndic, SCI",AJO,,60|190|340,,False,False
3062109,ORANGE,LTE 700,330 FBG DES CONDAMINES 266 AV DU GENERAL DE GAULLE (LES CONDAMINES II) 84300 CAVAILLON,84035,"43.8411,5.0406",Immeuble,"17,7m","Copropriété, Syndic, SCI",SUP,,60|190|340,2025-08-05,False,False
3075341,ORANGE,"LTE 700, LTE 800",9 RUE DAVID ET PEROT ACCÈS DEPUIS LA RUE 03110 ESCUROLLES,03109,"46.1347,3.2669",Pylône autostable,30m,ATC FRANCE,ALL,,90|200|350,2026-09-17,False,True
3075544,ORANGE,5G NR 3500,69 AV DES ROMAINS 74960 ANNECY,74010,"45.9136,6.115",Bâtiment,"20,9m",ORANGE Services Fixes,ART,,90|210|330,2025-07-21,False,False
3101765,ORANGE,5G NR 3500,3 PLACE ALBERT PERRIÈRE 73210 LA PLAGNE TARENTAISE,73150,"45.5061,6.6767",Bâtiment,17m,TOTEM,ART,,115|220,2025-07-01,False,False
3109998,ORANGE,"UMTS 900, LTE 700, LTE 800",CHEMIN DU CHAVALLET (CHAVALLET) 05300 GARDE COLOMBE,05053,"44.3747,5.7642",Pylône autostable,"24,5m",CELLNEX,AJR,,40|140|280,2026-06-29,True,True
3115788,ORANGE,5G NR 3500,1927 CHE DU BARO NUECHO (LA BARO NUECHO) 83330 LE BEAUSSET,83016,"43.2092,5.8292",Pylône autostable,"26,6m",TOTEM,ART,,60|180|300,2025-11-28,False,False
3117643,ORANGE,"LTE 800, LTE 1800, LTE 2100, LTE 2600, 5G NR 700, 5G NR 3500",739 ALL DU POURROUCET 83700 ST RAPHAEL,83118,"43.4256,6.8547",Pylône tubulaire,"22,2m",BOUYGUES,SUP,,70|240|340,5G NR 3500: 2026-09-07; 5G NR 700: 2026-07-20; LTE 1800: 2026-09-07; LTE 2100: 2026-09-07; LTE 2600: 2026-09-07; LTE 800: 2026-07-20,False,False
3120468,ORANGE,5G NR 3500,1 AVENUE DE LA 2ÈME DB (AÉROPORT DE PARIS-LE BOURGET) 93440 DUGNY,93030,"48.9533,2.4353",Mât,"12,5m",TOTEM,ART,,10|80,2025-06-23,False,False
3123969,ORANGE,"LTE 700, LTE 800",CHEMIN DES MONGES (MAS DE GRAMAT) 46350 PAYRAC,46215,"44.8061,1.4861",Pylône autostable,24m,FREE-MOBILE,ALL,,180|330,2026-09-03,True,False
3128479,ORANGE,"LTE 1800, LTE 2100, LTE 2600, 5G NR 3500",7 RUE DE MAYENCE 21000 DIJON,21231,"47.3472,5.0617",Pylône autostable,"30,4m",ON TOWER FRANCE,ALL,,30|150|270,2026-09-08,False,False
3131579,ORANGE,5G NR 2100,ROUTE DES AURIERES (LES GRAVILLAS SUD) 87800 LA ROCHE L ABEILLE,87127,"45.5883,1.2458",Pylône autostable,40m,ATC FRANCE,ALL,,80|200|330,2026-09-10,False,False
3139556,ORANGE,UMTS 900,1 RUE DE LA PERDRIX 02220 CYS LA COMMUNE,02255,"49.3897,3.5739",Pylône autostable,36m,TOTEM,ALL,,110|340,2026-09-08,True,False
3143697,ORANGE,"UMTS 900, LTE 800, 5G NR 700, 5G NR 3500",CHEMIN DE BRET 38290 LA VERPILLIERE,38537,"45.625,5.1458",Pylône autostable,36m,TOTEM,ALL,,70|160|350,2026-09-08,False,False
3144502,ORANGE,"LTE 700, LTE 800",CHJASSU DI VINCENTAJU (VINCENTAJU) 02160 BOUFFIGNEREUX,2A104,"41.9242,8.8619",Pylône autostable,21m,SFR,ART,,40|180|290,2025-07-31,False,False
3145676,ORANGE,"5G NR 700, 5G NR 3500",ROUTE DU PRAZILLON (LA VILLE ÈS BLAIS) 44380 PORNICHET,44132,"47.2653,-2.3017",Pylône autostable,54m,TDF,ART,,0|120|240,2026-02-19,False,False
3169817,ORANGE,UMTS 900,RUE LA GUINGUETTE (LE PRE CORNAILLE) 08240 BRIEULLES SUR BAR,08085,"49.4822,4.8503",Pylône autostable,42m,FREE-MOBILE,AJA,,50|170|320,2026-08-30,True,True
3169817,ORANGE,"LTE 700, LTE 800",RUE LA GUINGUETTE (LE PRE CORNAILLE) 08240 BRIEULLES SUR BAR,08085,"49.4822,4.8503",Pylône autostable,42m,FREE-MOBILE,AJR,,50|170|320,2026-08-17,True,True
3170194,ORANGE,5G NR 3500,GARE D ARRIVEE TELESIEGE (PLAN PALAIS) 73450 VALMEINIER,73307,"45.1719,6.4739",Pylône autostable,30m,TOTEM,ART,,0|50|100,2025-12-17,False,False
3190756,ORANGE,"UMTS 900, LTE 700, LTE 800",PAS DES ÉCOLIERS (CHARET) 07340 LIMONY,07143,"45.3553,4.7622",Pylône autostable,30m,FREE-MOBILE,AJO,,90|230|330,,False,True
3204020,ORANGE,"LTE 1800, 5G NR 2100",20 BOULEVARD GOULEBENÈZE PARKING DU CARREFOUR CONTACT 17770 BURIE,17072,"45.7747,-0.4231",Mât métallique,"11,8m",Société Privée,ART,,ND,2025-12-23,False,False
3204852,ORANGE,"UMTS 900, LTE 700, LTE 800",CHEMIN DE RIEUTORT (MONTCAND) 12550 MARTRIN,12141,"43.9153,2.6386",Pylône autostable,"18,5m",BOUYGUES,AJR,,50|170|290,2026-07-10,True,True
3205435,ORANGE,LTE 700,19 BD MAYOL DE SENILLOSA 64200 BIARRITZ,64122,"43.4864,-1.5436",Pylône tubulaire,"30,7m",TOTEM,SUP,,30|150|270,2021-01-04,False,False
3240274,ORANGE,"LTE 700, LTE 800, LTE 1800, 5G NR 2100",3 LIEU DIT LES HANNETIÈRES (À PROXIMITÉ DE LA D205) ROUTE DE SOLIGNY LA TRAPPE (LES HANNETIÈRES) 61380 SOLIGNY LA TRAPPE,61475,"48.6225,0.5328",Pylône autostable,36m,ATC FRANCE,ALL,,60|160|260,2026-09-08,False,True
3248889,ORANGE,"LTE 700, LTE 800",ROUTE DE BELLÊME (LA BRIQUETERIE) 61340 BERD HUIS,61043,"48.3489,0.7344",Pylône autostable,24m,ATC FRANCE,AAV,,40|150|270,2026-09-23,False,True
3268133,ORANGE,"LTE 700, LTE 800",DERRIERE MAUDRUPT (HAUDOMPRÉ) 88240 LA CHAPELLE AUX BOIS,88088,"48.0033,6.3386",Pylône autostable,"42,6m",ORANGE,AAV,,15|100|180,2026-09-24,True,True
3268612,ORANGE,LTE 700,1001 RUE DES MAUGES RUE D'ANJOU (BOUZILLÉ) 49069,49069,"47.3381,-1.1108",Monument religieux,"40,9m","Commune, communauté de commune",AAV,,78|168|258|348,2026-09-24,False,False
3268612,ORANGE,LTE 800,1001 RUE DES MAUGES RUE D'ANJOU (BOUZILLÉ) 49069,49069,"47.3381,-1.1108",Monument religieux,"40,9m","Commune, communauté de commune",EXT,,78|168|258|348,2026-09-24,False,False
3269079,ORANGE,5G NR 700,QUARTIER D'ELANGE (OLIGSFELD) 57100 THIONVILLE,57672,"49.3675,6.105",Pylône tubulaire,"31,1m",TOTEM,ALL,,0|90|170,2026-09-16,False,False
3270539,ORANGE,"LTE 700, LTE 800",139 LA CROIX MARIN VAL D ERDRE AUXENCE 49440 VAL D ERDRE AUXENCE,49183,"47.4686,-0.8936",Pylône autostable,"37,1m",TDF,AAV,,0|160|250,2026-09-21,False,True
3283781,ORANGE,"LTE 800, 5G NR 700",VERS CLOS BEAUJARD CHEMIN LES LAVIÈRES (EN CHAMP MARRA - CLOS BEAUJARD) 21121 AHUY,21003,"47.3714,5.0019",Pylône autostable,"36,4m",CELLNEX,AAV,,230,2026-09-23,False,True
3285694,ORANGE,"LTE 700, LTE 800",ROUTE DE CITEAUX (LES PÂTIS) 21170 AUBIGNY EN PLAINE,21031,"47.1303,5.1706",Pylône autostable,30m,ATC FRANCE,AAV,,30|150,2026-09-21,False,True
3287623,ORANGE,"LTE 800, 5G NR 700",ANGLE AVENUE FRANKLIN ROOSEVELT ET RUE EDOUARD HERRIOT 60180 NOGENT SUR OISE,60463,"49.2683,2.4478",Pylône tubulaire,36m,TOTEM,ALL,,140|330,2026-09-17,False,True
3287871,ORANGE,"LTE 800, 5G NR 700",CHEMIN DE BUSSON D107 (CLOS MARTIN) 89330 ST JULIEN DU SAULT,89348,"48.0308,3.2833",Pylône autostable,"36,3m",TDF,AAV,,90|210,2026-09-25,False,True
3290384,ORANGE,"UMTS 900, LTE 700, LTE 800",ROUTE DES ALPES DEPARTEMENTALE 994 (CHAMP ROURE) 05150 MOYDANS,05091,"44.4036,5.5081",Pylône autostable,"12,6m",BOUYGUES,AJO,,50|140|230,,False,True
3291894,ORANGE,"LTE 800, 5G NR 700",10 RUE DES FIACRES 59650 VILLENEUVE D ASCQ,59009,"50.6344,3.1244",Immeuble,25m,"Copropriété, Syndic, SCI",AAV,,50|150|235,2026-09-21,False,True
3292297,ORANGE,UMTS 900,PRÈS DE L'ETANG DE LA BALOUP (BALOUP) 39120 PLEURE,39429,"46.9231,5.4531",Pylône autostable,30m,TOTEM,ALL,,170|290,2026-09-09,False,False
3295341,ORANGE,"LTE 1800, LTE 2100, LTE 2600",120 RUE KEMPF 67200 STRASBOURG,67482,"48.6103,7.7956",Pylône autostable,36m,ORANGE,ALL,,215|305,2026-09-14,False,False
3296061,ORANGE,"LTE 700, LTE 800",CHEMIN RURAL DE SAINT-MAIXENT-L'ÉCOLE À CHERVEUX LA RUE JARDINS DU COUÉ (LES GRANDES PIÈCES DE CHAM) 79400 AZAY LE BRULE,79024,"46.4089,-0.2756",Pylône autostable,36m,ATC FRANCE,ALL,,90|210|330,2026-09-14,False,True
3302024,ORANGE,UMTS 900,RUE DE LA GARE (BOIS COMMUNAUX) 57320 BRETTNACH,57110,"49.2528,6.5656",Pylône autostable,42m,SFR,ALL,,20|110|290,2026-09-04,True,True
3305680,ORANGE,"LTE 700, LTE 800",RD19 RUE DE BRISAY 28700 DENONVILLE,28129,"48.3878,1.8142",Pylône autostable,"36,4m",ATC FRANCE,ALL,,0|130|270,2026-09-16,False,True
3305718,ORANGE,"UMTS 900, LTE 700, LTE 800","D46, 10 ROUTE DES DEUX PROVINCES (FIEF A COLLIN) 16300 ST AULAIS LA CHAPELLE",16301,"45.4428,-0.0325",Pylône autostable,36m,TOTEM,ALL,,60|180|300,2026-09-14,False,True
3305962,ORANGE,"LTE 700, LTE 800",D50 MOLA (VACCILLARA) 02210 DROIZY,2A272,"41.5944,8.9942",Pylône autostable,24m,SFR,ART,,100|310,2026-06-26,False,False
3307043,ORANGE,"LTE 700, LTE 800",48 RUE D ANJOU 53200 PREE D ANJOU,53124,"47.8397,-0.8208",Pylône autostable,"35,4m",ON TOWER FRANCE,ALL,,30|150|270,2026-09-14,False,True
3307607,ORANGE,"LTE 800, LTE 1800, LTE 2100, LTE 2600, 5G NR 700, 5G NR 3500",D757 APURTIDDINCA PORT DE PORTO POLLO 02260 ENGLANCOURT,2A276,"41.7069,8.795",Mât,12m,ORANGE,SUP,,65|200,5G NR 3500: 2026-06-19; 5G NR 700: 2026-06-18; LTE 1800: 2026-06-19; LTE 2100: 2026-06-19; LTE 2600: 2026-06-19; LTE 800: 2026-06-19,False,False
3311496,ORANGE,"LTE 800, 5G NR 700",26 RUE DU PRÉSIDENT PAUL DOUMER 59650 VILLENEUVE D ASCQ,59009,"50.61,3.1553",Pylône tubulaire,44m,CELLNEX,AAV,,20|194|284,2026-09-21,False,True
3315703,ORANGE,UMTS 900,CHEMIN DE CABANAC (LAS VINALS) 12130 STE EULALIE D OLT,12219,"44.47,2.9364",Pylône autostable,45m,SFR,AJA,,120|220|310,2026-08-24,False,True
3315703,ORANGE,"LTE 700, LTE 800",CHEMIN DE CABANAC (LAS VINALS) 12130 STE EULALIE D OLT,12219,"44.47,2.9364",Pylône autostable,45m,SFR,AJO,,120|220|310,,False,True
3317861,ORANGE,5G NR 3500,1 RUE DU PRESIDENT ROBERT SCHUMAN (PARC DES EXPOS) 45100 ORLEANS,45234,"47.8717,1.9139",Bâtiment,"20,4m","Commune, communauté de commune",ART,,35|163|216|345|ND,2026-06-22,False,True
3319739,ORANGE,"LTE 1800, LTE 2100, LTE 2600, 5G NR 3500",1 RUE DU PRESIDENT ROBERT SCHUMAN (GYMNASE ARENA) 45100 ORLEANS,45234,"47.8736,1.9139",Bâtiment,"27,9m","Commune, communauté de commune",ART,,5G NR 3500: 10|100|190|280; LTE 1800: 10|76|100|172|188|190|280|ND; LTE 2100: 10|100|190|280; LTE 2600: 10|76|100|172|188|190|280|ND,2026-06-29,False,True
3320865,ORANGE,"LTE 1800, 5G NR 2100",RUE DES CYTISES (LE CORNOUILLER) 60480 NOYERS ST MARTIN,60470,"49.5558,2.2714",Pylône autostable,"29,9m",ATC FRANCE,ALL,,30|210|300,2026-09-10,False,False
3323687,ORANGE,"LTE 800, LTE 1800, LTE 2100, LTE 2600, 5G NR 700, 5G NR 3500",ROUTE DE LA MER 02348,2A348,"42.1142,8.7003",Pylône haubané,12m,ORANGE,SUP,,30|150|270,2026-07-06,False,False
3324069,ORANGE,"LTE 1800, LTE 2100, LTE 2600, 5G NR 3500",1 RUE DU PRESIDENT ROBERT SCHUMAN (ZENITH) 45100 ORLEANS,45234,"47.8703,1.9131",Bâtiment,"19,6m","Commune, communauté de commune",ART,,5G NR 3500: 83|97|265|277|300; LTE 1800: 83|97|212|265|277|300|346|ND; LTE 2100: 83|97|265|277|300; LTE 2600: 83|97|212|265|277|300|346|ND,2026-07-06,False,True
3325445,ORANGE,"LTE 800, LTE 1800, LTE 2100, LTE 2600, 5G NR 700, 5G NR 3500",STRADA DI L'ALIVU (STE LUCIE DE PORTO VECCHIO) 02300 GUIVRY,2A362,"41.6983,9.3492",Pylône haubané,12m,ORANGE,SUP,,65|210,2026-07-15,False,False
3325514,ORANGE,"LTE 800, LTE 1800, LTE 2100, LTE 2600, 5G NR 700, 5G NR 3500",FIUME SECCO 02170 BARZY EN THIERACHE,2B050,"42.5594,8.7989",Pylône haubané,12m,ORANGE,SUP,,30|150|270,2026-07-15,False,False
3328477,ORANGE,"LTE 1800, 5G NR 2100",D 40A RUE DE LA GARE 86200 LA ROCHE RIGAULT,86079,"46.9711,0.1714",Pylône autostable,36m,ATC FRANCE,ALL,,10|130|250,2026-09-08,False,False
3329640,ORANGE,"LTE 1800, LTE 2100, LTE 2600, 5G NR 3500",1 RUE DU PRESIDENT ROBERT SCHUMAN (PALAIS DES CONGRES) 45100 ORLEANS,45234,"47.8722,1.9139",Bâtiment,24m,"Commune, communauté de commune",ART,,5G NR 3500: ND; LTE 1800: 270|353|ND; LTE 2100: ND; LTE 2600: 270|353|ND,2026-07-20,False,True
3329917,ORANGE,"LTE 800, LTE 1800, LTE 2100, LTE 2600, 5G NR 700, 5G NR 3500",QUAI DE LA RÉPUBLIQUE 02340 AGNICOURT ET SECHELLES,2A004,"41.9197,8.74",Pylône tubulaire,"12,6m",ORANGE,SUP,,200|320,2026-07-20,False,False
3330936,ORANGE,"LTE 700, LTE 800, LTE 1800, 5G NR 2100",ROUTE D AIROUX (PIECE DU MOULI) 11400 RICAUD,11313,"43.3478,1.8864",Pylône autostable,36m,ATC FRANCE,ALL,,0|110|240,2026-09-14,False,True
3333741,ORANGE,"LTE 1800, LTE 2100, 5G NR 3500",RUE VERTE 62360 CONDETTE,62235,"50.6483,1.6322",Pylône tubulaire,36m,ORANGE,ALL,,30|270,2026-09-09,False,False
3333858,ORANGE,"LTE 800, LTE 1800, LTE 2100, LTE 2600, 5G NR 700, 5G NR 3500",18 ROUTE DU BASSIN N°6 92230 GENNEVILLIERS,92036,"48.9486,2.2953",Pylône tubulaire,39m,CELLNEX,AJO,,50|165|285,,False,True
3336253,ORANGE,"UMTS 900, LTE 700, LTE 800",7  RUE DU JARDIN BRULE 08400 BAIRON ET SES ENVIRONS,08116,"49.4747,4.7364",Pylône autostable,36m,SFR,AJO,,40|150|270,,False,True
3343145,ORANGE,"LTE 1800, LTE 2600, 5G NR 3500",1 COURS DE VERDUN 40100 DAX,40088,"43.7114,-1.0539",Mobilier urbain,6m,Société Privée,AJA,,50|115|205,2026-09-14,False,True
334358,ORANGE,"LTE 1800, 5G NR 2100",R DE PONTARLIER AUBERGE DES MOULINS 25110 PONT LES MOULINS,25465,"47.3233,6.3608",Pylône tubulaire,20m,TOTEM,ART,,45|140,2025-10-23,False,False
3350887,ORANGE,"LTE 800, LTE 1800, LTE 2100, LTE 2600, 5G NR 700, 5G NR 3500",30-32 RUE MSTISLAV ROSTROPOVITCH 75017 PARIS 17,75117,"48.89,2.3139",Immeuble,"54,6m",Société Privée,AJO,,60|170|270,,False,True
3351378,ORANGE,"LTE 800, LTE 1800, LTE 2100, LTE 2600, 5G NR 700, 5G NR 3500",ALLÉE DES MARRONNIERS 95560 MAFFLIERS,95353,"49.0739,2.3042",Pylône autostable,36m,TOTEM,AJO,,40|140,,False,True
3351456,ORANGE,"LTE 800, LTE 1800, LTE 2100, LTE 2600, 5G NR 700, 5G NR 3500",245 BD DE TOURNAI BATIMENT OGS 59650 VILLENEUVE D ASCQ,59009,"50.6117,3.1328",Bâtiment,"24,2m",ORANGE,AJO,,180|305,,False,True
3352128,ORANGE,"LTE 800, LTE 1800, LTE 2100, LTE 2600, 5G NR 700, 5G NR 3500",21-43 RUE DE STALINGRAD 93000 BOBIGNY,93008,"48.9131,2.4331",Bâtiment,"20,3m","Copropriété, Syndic, SCI",AJO,,0|110|200,,False,True
3352167,ORANGE,"UMTS 900, LTE 800, LTE 1800, LTE 2100",3232 ROUTE DE L'ARDIDEN (CUREILLE DESSUS) 65120 GRUST,65210,"42.8975,-0.0417",Pylône autostable,40m,RTE,AJA,,0|150|230,2026-09-14,False,True
3352167,ORANGE,"LTE 2600, 5G NR 700, 5G NR 3500",3232 ROUTE DE L'ARDIDEN (CUREILLE DESSUS) 65120 GRUST,65210,"42.8975,-0.0417",Pylône autostable,40m,RTE,AJO,,0|150|230,,False,True
3352185,ORANGE,"LTE 800, LTE 1800, LTE 2100, LTE 2600, 5G NR 700, 5G NR 3500",48-52 AVENUE FERNAND LEFÈBVRE 78300 POISSY,78498,"48.9244,2.0483",Bâtiment,"44,7m",Société HLM,AJO,,60|150|270,,False,True
3352205,ORANGE,"LTE 800, LTE 1800, LTE 2100, LTE 2600, 5G NR 700, 5G NR 3500","65, RUE EUGÈNE VARLIN 77270 VILLEPARISIS",77514,"48.9444,2.5983",Immeuble,"14,1m","Copropriété, Syndic, SCI",AJO,,0|180|270,,False,True
3352268,ORANGE,"LTE 800, LTE 1800, LTE 2100, LTE 2600, 5G NR 700, 5G NR 3500",31 RUE JEAN WENGER VALENTIN CIC EST 67200 STRASBOURG,67482,"48.5997,7.7569",Immeuble,"52,5m",Société Privée,AJO,,60|125|285,,False,True
3352923,ORANGE,"LTE 800, LTE 1800, LTE 2100, LTE 2600, 5G NR 700, 5G NR 3500",3 RUE DES ROBINIERS 77176 SAVIGNY LE TEMPLE,77445,"48.6036,2.5497",Bâtiment,16m,Société HLM,AJO,,40|210|300,,False,True
3353811,ORANGE,5G NR 3500,304 AVENUE DE LA CHÂTRE IMM LE FOCH 36000 CHATEAUROUX,36044,"46.8031,1.7164",Immeuble,"27,4m","Copropriété, Syndic, SCI",ART,,30|150|270,2025-07-24,False,False
3356263,ORANGE,5G NR 3500,2 AV DU CASTELLAS HLM LE CASTELLAS ST-JOSEPH 13015 MARSEILLE 15,13215,"43.3497,5.3756",Immeuble,22m,Société HLM,ART,,80|190|300,2025-06-20,False,False
3366747,ORANGE,,RUE DES SOURCES ( LE PRE HATON) 02300 BICHANCOURT,02086,"49.5833,3.2169",Pylône autostable,30m,ATC FRANCE,CHI,2684521,,,True,True
3366760,ORANGE,,9 RUE D'ARTOIS CHEMIN RURAL DIT DES USAGES (AU-DESSOUS DE L'ORME) 02130 BEUVARDES,02083,"49.1353,3.48",Pylône autostable,30m,ATC FRANCE,CHI,2989223,,,False,True
3372987,ORANGE,,RUE DE LA REMISE 95700 ROISSY EN FRANCE,95527,"49.0133,2.5311",Pylône tubulaire,36m,TOTEM,CHI,2447174,,,False,True
3373002,ORANGE,,ZI DU PORT AUTONOME PARC D'ACTIVITÉ DU HOSE VOIE DES VANNES 76430 ST VIGOR D YMONVILLE,76657,"49.4719,0.3294",Pylône tubulaire,"25,2m",TOTEM,CHI,940672,,,False,True
3373018,ORANGE,,ROUTE DE LA NEUVILLE (LES FOSSES BLONDES) 27170 COMBON,27164,"49.1056,0.8842",Pylône autostable,36m,ATC FRANCE,CHI,3304320,,,False,True
3373142,ORANGE,,LA BUTTE DE BRILLAY (LE BREIL DE CARHEIL) 44630 PLESSE,44128,"47.5114,-1.915",Pylône autostable,"42,4m",FREE-MOBILE,CHI,2981065,,,False,True
3373456,ORANGE,,RUE DE LA RÉSISTANCE (SUR LE CANON) 58500 SURGY,58282,"47.5133,3.5083",Pylône autostable,36m,ATC FRANCE,CHI,3273646,,,False,True
354035,ORANGE,5G NR 3500,AV DU GÉNÉRAL DE GAULLE HLM  BAT C1 (CITÉ DES GATEAUX) 03000 MOULINS,03190,"46.5742,3.3203",Immeuble,18m,Société HLM,ART,,30|150|280,2025-12-05,False,False
367976,ORANGE,5G NR 3500,AV. DE LA GARE 71000 MACON,71270,"46.2994,4.8228",Pylône autostable,28m,TOTEM,ART,,50|150|270,2026-06-19,False,False
436067,ORANGE,5G NR 3500,D561/ VC RELAIS TDF (LE CHENOT) 53810 CHANGE,53054,"48.1017,-0.7669",Pylône haubané,90m,TDF,ART,,40|160|280,2025-12-18,False,False
436591,ORANGE,5G NR 3500,LA BUTTE STATION TDF (MONTASSOU) 15210 YDES,15265,"45.3472,2.445",Pylône autostable,30m,TDF,ART,,70|220,2025-05-13,False,False
437323,ORANGE,5G NR 3500,2 AV CHAMP FLEURI 74960 ANNECY,74010,"45.8914,6.1008",Immeuble,30m,Société HLM,ART,,40|160|307,2025-05-19,False,False
437683,ORANGE,5G NR 3500,CHEM RURAL (LA TRIOUVE) 43700 CHASPINHAC,43061,"45.1108,3.9169",Pylône autostable,33m,TDF,ART,,40|290,2025-06-25,False,False
439427,ORANGE,5G NR 3500,ROUTE DE THIONVILLE PRÉS D953 (GARE DE TRIAGE DE WOIPPY) 57140 WOIPPY,57751,"49.1783,6.1611",Pylône autostable,37m,TOTEM,ART,,80|245,2026-03-26,False,False
440267,ORANGE,5G NR 3500,R CHARLES MALAS INTERSEC DE RD126 PROCHE DU CHATEAU D'EAU 14400 ST VIGOR LE GRAND,14663,"49.2764,-0.6903",Pylône autostable,52m,TDF,ART,,30|150|270,2025-07-04,False,False
440918,ORANGE,5G NR 3500,CHEMIN DES AYENCINS (RÉSIDENCE LE BOIS DES SOURCES) 38550 LE PEAGE DE ROUSSILLON,38298,"45.375,4.8036",Bâtiment,24m,"Copropriété, Syndic, SCI",ART,,130|215|320,2025-09-26,False,False
445521,ORANGE,5G NR 3500,FORGEASSOUD (CRÊT ST-JEAN) 74450 ST JEAN DE SIXT,74239,"45.9258,6.4011",Pylône autostable,45m,TDF,ART,,45|120|235,2025-07-02,False,False
448001,ORANGE,5G NR 3500,28 RTE DE MORLAIX TY SANQUER 29000 QUIMPER,29232,"48.0403,-4.0692",Pylône autostable,72m,TDF,ART,,30|210|300,2026-01-26,False,False
449165,ORANGE,"5G NR 700, 5G NR 3500",RTE DE CANCALE BONNE RENCONTRE (LA VILLE BESNARD) 35400 ST MALO,35288,"48.6625,-1.9647",Pylône autostable,72m,TDF,ART,,90|210|330,2026-06-08,False,False
449458,ORANGE,5G NR 3500,PYLÔNE TDF DE L'ARGENTIÈRE (SERRE DES FOURCHES) 05120 ST MARTIN DE QUEYRIERES,05151,"44.8086,6.5683",Pylône autostable,44m,TDF,ART,,20|200,2025-12-29,False,False
450003,ORANGE,5G NR 700,11 R EUGÈNE CHARRIER 85510 LE BOUPERE,85031,"46.7958,-0.9317",Château d'eau - réservoir,41m,"Syndicat des eaux, Adduction",AAV,,20|120|230,2026-09-24,False,False
451638,ORANGE,"UMTS 900, LTE 800, LTE 1800, LTE 2100, LTE 2600, 5G NR 700, 5G NR 3500",CR SUD DE SAILHAN (TRASSENS) 65170 SAILHAN,65384,"42.8186,0.3325",Pylône autostable,30m,TDF,CHZ,CHZ (fréquences: 5G NR 3500) : 80|250|320 -> 60|250|320; CHZ (fréquences: LTE 1800) : 80|250|320 -> 60|250|320; CHZ (fréquences: LTE 2100) : 80|250|320 -> 60|250|320; CHZ (fréquences: LTE 2600) : 80|250|320 -> 60|250|320; CHZ (fréquences: LTE 800) : 80|250|320 -> 60|250|320; CHZ (fréquences: UMTS 900) : 80|250|320 -> 60|250|320; CHZ (fréquences: 5G NR 700) : 80|250|320 -> 60|250|320,60|250|320,LTE 1800: 2017-11-14; LTE 2100: 2019-07-31; LTE 2600: 2013-11-19; LTE 800: 2019-07-09; UMTS 900: 2014-08-07,False,False
452217,ORANGE,5G NR 3500,R DE ST BRIAC (LE TERTRE AUX SCÈNES) 35800 ST LUNAIRE,35287,"48.6319,-2.1111",Château d'eau - réservoir,39m,"Commune, communauté de commune",ART,,0|120|240,2025-11-07,False,False
452496,ORANGE,"LTE 1800, 5G NR 2100",TERRAIN COMMUNAL CHEM DU BOIS MONSIEUR (LA CÔTE) 52330 JUZENNECOURT,52253,"48.195,4.9883",Pylône autostable,43m,HIVORY,ART,,140|230|320,2026-01-27,False,False
453519,ORANGE,5G NR 3500,LES BERGEONS (LA CROIX DE BOIS) 35350 ST MELOIR DES ONDES,35299,"48.6275,-1.9158",Pylône haubané,95m,TDF,ART,,40|130|280,2026-05-21,False,False
454350,ORANGE,5G NR 3500,14 AV DU PARC CHAUFFERIE URBAINE 21800 QUETIGNY,21515,"47.3158,5.1183",Bâtiment,46m,Société Privée,ART,,20|110|280,2025-12-11,False,False
456775,ORANGE,5G NR 3500,PL DU BAILLY DE SUFFREN EGLISE 13760 ST CANNAT,13091,"43.6208,5.2964",Monument religieux,39m,"Commune, communauté de commune",ART,,90|270,2025-07-07,False,False
457268,ORANGE,5G NR 3500,RTE DE STE MAXIME DOMAINES DES CANEBIÈRES (LE PEYNIER) 83490 LE MUY,83086,"43.4297,6.5381",Pylône autostable,22m,TOTEM,ART,,45|140|320,2025-05-13,False,False
457668,ORANGE,"5G NR 700, 5G NR 3500",STADE TERRAIN COMMUNAL (FERME DE FOLLELI SOTTANO) 02300 COMMENCHON,2B207,"42.4447,9.5217",Pylône autostable,29m,ATC FRANCE,ART,,160|250|320,2025-10-09,False,False
458619,ORANGE,5G NR 3500,CASTEL PIC R KER-NAON 22200 GUINGAMP,22070,"48.5689,-3.1517",Pylône autostable,46m,TDF,ART,,140|230|355,2026-02-06,False,False
462296,ORANGE,5G NR 3500,STATION DE LAROCHE (LA GARENNE) 43360 BOURNONCLE ST PIERRE,43038,"45.3272,3.3253",Château d'eau - réservoir,25m,"Syndicat des eaux, Adduction",ART,,90|210|330,2025-06-23,False,False
464845,ORANGE,5G NR 3500,R YVONNE CHAUFFIN (TY BORDEAUX) 29300 QUIMPERLE,29233,"47.8631,-3.5508",Pylône autostable,"48,5m",TDF,ART,,10|130|250,2026-05-05,False,False
465824,ORANGE,"LTE 700, 5G NR 2100",RTE DU PLAN (LOU PLAN) 06440 BLAUSASC,06019,"43.8056,7.3672",Pylône autostable,19m,TDF,ART,,180|270,2026-03-02,False,False
465848,ORANGE,5G NR 3500,D.9 (SABLIÈRE BARBARADE) 63160 BILLOM,63040,"45.7106,3.3519",Pylône autostable,24m,TDF,ART,,90|210|330,2025-11-28,False,False
465869,ORANGE,5G NR 3500,RN 79 PROCHE ETANG DE LA DAME (LES JABOTS) 03400 YZEURE,03321,"46.5797,3.3822",Tour hertzienne,75m,TDF,ART,,40|170|310,2025-09-30,False,False
466286,ORANGE,5G NR 3500,PYLÔNE TDF (BIAUVY) 74570 FILLIERE,74282,"46.0019,6.2392",Pylône autostable,"33,5m",TDF,ART,,135|260,2026-04-29,False,False
468670,ORANGE,5G NR 3500,R DES CASEMENTS CENTRAL TÉLÉPHONIQUE 84120 PERTUIS,84089,"43.6942,5.5061",Bâtiment,17m,ORANGE Services Fixes,ART,,30|180|280,2026-04-03,False,False
468911,ORANGE,GSM 900,SITE TDF (PLATEAU DE CHALET) 15500 MASSIAC,15119,"45.2719,3.1992",Pylône autostable,31m,TDF,SUP,,45|185,1999-01-05,False,False
469750,ORANGE,5G NR 3500,MONT MARTIN RUE DU MONTMEREL (LE TROU RENARD) 27600 ST AUBIN SUR GAILLON,27517,"49.1519,1.3378",Pylône autostable,46m,TDF,ART,,0|100|240,2026-03-19,False,False
469983,ORANGE,5G NR 3500,PRES DE LA RD 2 (STE CROIX) 83870 SIGNES,83127,"43.2833,5.8475",Pylône autostable,35m,TDF,ART,,80|270,2025-07-15,False,False
471653,ORANGE,5G NR 3500,28 R DES FRÊNES (LA CHARDIÈRE) 85110 CHANTONNAY,85051,"46.68,-1.0633",Pylône autostable,46m,TDF,ART,,80|190|340,2025-11-28,False,False
472305,ORANGE,"LTE 800, 5G NR 700",PISTE DU MONT CHAUVE (MONT CHAUVE DE TOURETTE) 06690 TOURRETTE LEVENS,06147,"43.7767,7.2644",Pylône autostable,43m,TDF,ALL,,0|120|240,2026-09-15,False,True
472962,ORANGE,5G NR 700,R DE BREST IMM JEAN BART 54250 CHAMPIGNEULLES,54115,"48.7361,6.1583",Immeuble,21m,Société HLM,AAV,,0|165|280,2026-09-24,False,False
473260,ORANGE,5G NR 3500, (HAMEAU ET PLAINE DE CAUMONT) 76170 LA FRENAYE,76281,"49.5256,0.5808",Pylône autostable,"62,7m",TDF,ART,,50|170|290,2025-09-25,False,False
475223,ORANGE,5G NR 3500,1 AVENUE DE RIVESALTES RESERVOIR DU BELVEDERE (PLACE DU CHATEAU D'EAU) 66240 ST ESTEVE,66172,"42.7125,2.8433",Château d'eau - réservoir,20m,"Commune, communauté de commune",ART,,30|150|270,2025-07-28,False,False
475415,ORANGE,5G NR 3500,PRES DE LA D25-ROUTE DU MUY (LES BASSES RIBES) 83120 STE MAXIME,83115,"43.3364,6.6117",Pylône autostable,"17,3m",TOTEM,ART,,240|340,2025-12-01,False,False
476494,ORANGE,"LTE 800, LTE 2600, 5G NR 700, 5G NR 3500",PHARE DE GOULPHAR (KERVILAHOUEN) 56360 BANGOR,56009,"47.3108,-3.2272",Phare,53m,"Ets public, Minist, Synd mixt",ART,,80|180|310,2025-10-21,False,False
478158,ORANGE,5G NR 3500,R. MARCEL PAGNOL (LA CROZE) 07250 LE POUZIN,07181,"44.7397,4.7475",Pylône tubulaire,17m,TOTEM,ART,,0|90|195,2025-12-19,False,False
479283,ORANGE,,RUE DU PRÉ DE FOIRE CHEM RURAL DU CARROZ 74230 THONES,74280,"45.8808,6.3217",Pylône autostable,35m,TDF,CHH,34m,,,False,False
483667,ORANGE,5G NR 700,R DU CRÊT DES PESIÈRES ZI DE LA FONTANNETTE (LES ROCHATS) 39150 ST LAURENT EN GRANDVAUX,39487,"46.5736,5.9644",Pylône autostable,25m,HIVORY,ALL,,90|260|345,2026-09-16,False,False
484675,ORANGE,5G NR 3500, (LES VASES) 85270 ST HILAIRE DE RIEZ,85226,"46.7478,-2.0092",Château d'eau - réservoir,72m,"Syndicat des eaux, Adduction",ART,,40|150|310,2026-04-27,False,False
485437,ORANGE,5G NR 3500, (POINTE DES FOLLYS) 74360 ABONDANCE,74001,"46.27,6.6958",Pylône autostable,32m,TDF,ART,,55|335,2026-05-29,False,False
485595,ORANGE,5G NR 3500, (KERMARIA) 56700 KERVIGNAC,56094,"47.7636,-3.2464",Pylône autostable,34m,TDF,ART,,90|210|320,2026-01-08,False,False
495293,ORANGE,5G NR 3500,R DU CLOS MAROLLES 28130 PIERRES,28298,"48.58,1.5639",Pylône tubulaire,30m,TOTEM,ART,,0|90|180,2026-01-12,False,False
495392,ORANGE,5G NR 3500,PRES DU VALLON DES ANDOULINS PYLÔNE TDF (VALAURY) 83210 SOLLIES TOUCAS,83131,"43.2019,6.0139",Pylône autostable,29m,TDF,ART,,70|200|275,2026-07-03,False,False
496100,ORANGE,5G NR 3500,PL DE L'EGLISE 44450 DIVATTE SUR LOIRE,44029,"47.2722,-1.3383",Monument religieux,"51,7m","Commune, communauté de commune",ART,,60|150|240,2025-12-04,False,False
498992,ORANGE,5G NR 3500,PRES DE  LA TREVILLERE (FIEF DU MOULIN) 85470 BRETIGNOLLES SUR MER,85035,"46.6364,-1.8511",Château d'eau - réservoir,"69,9m","Syndicat des eaux, Adduction",ART,,50|175|300,2026-06-04,False,False
505287,ORANGE,"5G NR 700, 5G NR 3500",ISSANCHOU BAS 12630 AGEN D AVEYRON,12001,"44.3414,2.6719",Pylône autostable,42m,TDF,ART,,40|300,2025-05-20,False,False
506742,ORANGE,5G NR 3500,26 RUE DU BARON GÉRARD TOUR DES PENSÉES (LE CLOS ST-NICOLAS) 14400 BAYEUX,14047,"49.2881,-0.7111",Immeuble,41m,Société HLM,ART,,40|160|290,2025-10-02,False,False
509694,ORANGE,5G NR 3500,213-215 R BARTHÉLÉMY BUYER 69005 LYON 05,69385,"45.7639,4.7892",Bâtiment,36m,"Copropriété, Syndic, SCI",ART,,30|150|270,2025-11-04,False,False
512327,ORANGE,5G NR 3500,R MARIUS MORIN CH D'EAU 45110 CHATEAUNEUF SUR LOIRE,45082,"47.8639,2.2283",Château d'eau - réservoir,41m,"Syndicat des eaux, Adduction",ART,,30|150|270,2026-07-02,False,False
512658,ORANGE,5G NR 2100,GARAVELLE STATION TDF DE VOIRON 1 (MOLLARD GUILLON) 38210 MONTAUD,38248,"45.2603,5.5461",Pylône autostable,"39,5m",TDF,AJA,,90|160,2026-09-14,False,False
512658,ORANGE,"UMTS 900, LTE 700, LTE 800, LTE 1800",GARAVELLE STATION TDF DE VOIRON 1 (MOLLARD GUILLON) 38210 MONTAUD,38248,"45.2603,5.5461",Pylône autostable,"39,5m",TDF,CHZ,CHZ (fréquences: LTE 1800) : 70|160 -> 90|160; CHZ (fréquences: LTE 700) : 70|160 -> 90|160; CHZ (fréquences: LTE 800) : 70|160 -> 90|160; CHZ (fréquences: UMTS 900) : 70|160 -> 90|160,90|160,LTE 1800: 2024-03-01; LTE 700: 2024-02-26; LTE 800: 2024-02-26; UMTS 900: 2024-03-04,False,False
517048,ORANGE,5G NR 3500, (LA JOUX) 74490 ST JEOIRE,74241,"46.1572,6.4564",Pylône autostable,51m,TDF,ART,,50|160,2025-07-17,False,False
520350,ORANGE,5G NR 3500,LES GRAVIERS PRES A72 (LES BERAUDS) 63300 THIERS,63430,"45.8669,3.5361",Pylône autostable,23m,SFR,ART,,90|190|320,2025-05-23,False,False
522207,ORANGE,5G NR 3500,19/20 PL DES FAONS 31500 TOULOUSE,31555,"43.6397,1.4431",Immeuble,35m,Société HLM,ART,,0|120|240,2026-07-27,False,False
522275,ORANGE,5G NR 3500,RTE DU CENTRE SCIENTIFIQUE 2 RTE DES SANGUINAIRES (VIGNOLA) 02340 AGNICOURT ET SECHELLES,2A004,"41.9106,8.6531",Pylône tubulaire,15m,TOTEM,ART,,110|225,2025-11-27,False,False
523999,ORANGE,5G NR 2100,PRÈS A.26 - SENS CHALONS-EN-CHAMPAGNE/TROYES (LES VERMILLONNES) 10150 LUYERES,10210,"48.3686,4.1567",Tour hertzienne,66m,TDF,ALL,,20|140,2026-09-11,False,False
527318,ORANGE,5G NR 3500,RD 168 (PUNTA DI TELICA) 02092,2A092,"41.7383,9.3875",Pylône autostable,52m,TOTEM,ART,,30|120,2025-10-22,False,False
527863,ORANGE,5G NR 700,CHEMIN ST PHILIPPE DU SEIGNAL (AUX MOULINS) 33220 ST PHILIPPE DU SEIGNAL,33462,"44.8217,0.2489",Pylône autostable,40m,TOTEM,ALL,,80|200|310,2026-09-14,False,False
527863,ORANGE,5G NR 3500,CHEMIN ST PHILIPPE DU SEIGNAL (AUX MOULINS) 33220 ST PHILIPPE DU SEIGNAL,33462,"44.8217,0.2489",Pylône autostable,40m,TOTEM,ART,,80|200|310,2026-08-10,False,False
532191,ORANGE,"5G NR 700, 5G NR 3500",14-28 R DES ECLUSES ST MARTIN 75010 PARIS 10,75110,"48.8769,2.3667",Immeuble,"36,6m","Copropriété, Syndic, SCI",ALL,,40|150|250,2026-09-10,False,False
534635,ORANGE,5G NR 3500, (LAMURE) 42460 SEVELINGES,42300,"46.0922,4.2989",Pylône autostable,37m,TDF,ART,,0|90,2025-08-25,False,False
536417,ORANGE,5G NR 3500, (LE LOMBARD) 38870 ST SIMEON DE BRESSIEUX,38457,"45.3364,5.2656",Pylône autostable,33m,TOTEM,ART,,40|140|230,2026-07-27,False,False
536977,ORANGE,5G NR 3500,23 BD GOUAZON (ST SERVAN) 35400 ST MALO,35288,"48.6347,-2.0161",Monument religieux,36m,"Commune, communauté de commune",ART,,15|150|280,2025-09-19,False,False
538619,ORANGE,5G NR 700,788 RUE DE CORNOUAILLE (LE PETIT BOIS) 44522 MESANGER,44096,"47.4397,-1.23",Pylône autostable,"43,2m",TDF,ALL,,50|160|250,2026-09-17,False,False
539176,ORANGE,5G NR 3500,R LOUIS MARIE LESCURE 85200 FONTENAY LE COMTE,85092,"46.4783,-0.8197",Pylône autostable,79m,TDF,ART,,100|210|330,2026-06-26,False,False
541410,ORANGE,5G NR 3500,RN 175 (LES BRUYERES DE MONTBROCQ) 14310 PARFOURU SUR ODON,14491,"49.0925,-0.6242",Pylône autostable,54m,TOTEM,ART,,30|150|300,2025-09-02,False,False
544865,ORANGE,LTE 700,61 ROUTE DE MOULINS (LES CAVERAUDES) 03150 VARENNES SUR ALLIER,03298,"46.3361,3.3825",Pylône tubulaire,22m,TOTEM,ALL,,30|150|270,2026-09-17,False,False
547375,ORANGE,5G NR 3500,D. 51 - ROUTE DE DAMVILLE (HAMEAU DE VILLENEUVE) 27930 ANGERVILLE LA CAMPAGNE,27017,"48.9808,1.1528",Pylône autostable,48m,HIVORY,ART,,0|130,2025-05-23,False,False
550608,ORANGE,LTE 700,PIMPRENEAU (LA FOSSE AUX BICHES) 28160 DANGEAU,28127,"48.1792,1.2717",Château d'eau - réservoir,36m,"Commune, communauté de commune",AAV,,170|330,2026-09-23,False,False
550999,ORANGE,5G NR 3500,R DES PITINQUES ANCIEN PASSAGE À NIVEAU 41300 SALBRIS,41232,"47.4353,2.0456",Pylône autostable,30m,TOTEM,ART,,0|120|240,2026-03-04,False,False
551704,ORANGE,5G NR 3500,PL DE L'HÔTEL DE VILLE  MAIRIE 45330 LE MALESHERBOIS,45191,"48.2956,2.4164",Bâtiment,25m,"Commune, communauté de commune",ART,,30|150|270,2026-01-08,False,False
554049,ORANGE,5G NR 3500,AUTOCOM - 2 R DES COURANCES (LES COURANCES) 37500 CHINON,37072,"47.1658,0.2469",Immeuble,"22,5m",ORANGE Services Fixes,ART,,100|280,2025-12-04,False,False
555954,ORANGE,LTE 700,D247 (LA GAUTRAIE) 53500 ST DENIS DE GASTINES,53211,"48.3494,-0.8472",Pylône autostable,40m,TOTEM,ALL,,30|130|220,2026-09-17,False,False
556825,ORANGE,5G NR 3500,8 R DU MENHIR 85600 TREIZE SEPTIERS,85295,"46.98,-1.2233",Pylône autostable,34m,TDF,ART,,30|150|270,2025-06-06,False,False
559327,ORANGE,5G NR 3500,STATION DE SKI DU VAL D'ARLY (LE LACHAT) 73590 NOTRE DAME DE BELLECOMBE,73186,"45.8083,6.5419",Pylône tubulaire,"12,8m",TOTEM,ALL,,90|150|210,2026-09-10,False,False
560277,ORANGE,5G NR 3500,D.562 (LE BOIS DE LA JUSTICE) 14770 CONDE EN NORMANDIE,14174,"48.8592,-0.5386",Pylône autostable,36m,TOTEM,ART,,40|180|270,2025-12-12,False,False
563443,ORANGE,5G NR 3500,D927 (LE MOULIN DE PIERRE) 45300 PITHIVIERS LE VIEIL,45253,"48.1683,2.2231",Pylône autostable,51m,TDF,ART,,50|150|245,2026-01-29,False,False
566743,ORANGE,5G NR 3500,INTERSECTION D117/D16 CENTRAL TÉLÉPHONIQUE FT (TY MOTEN) 56500 MOREAC,56140,"47.8925,-2.8331",Pylône autostable,23m,TOTEM,ART,,25|150|275,2025-11-03,False,False
575188,ORANGE,"LTE 700, 5G NR 2100",CAMPING MUNICIPAL (LES CHARMES) 63310 RANDAN,63295,"46.0219,3.3597",Pylône autostable,45m,TOTEM,ART,,110|230|350,2025-09-25,False,False
575707,ORANGE,"LTE 800, 5G NR 700",645 ALLÉE ALEXANDRE BORODINE (LES LUÈPES SUD) 69800 ST PRIEST,69290,"45.7122,4.9339",Bâtiment,17m,Société Privée,AAV,,20|150|290,2026-09-18,False,False
588961,ORANGE,5G NR 3500,AV PIERRE BROSSOLETTE HLM LA TOURELLE 13400 AUBAGNE,13005,"43.2869,5.5528",Immeuble,"44,3m",Société HLM,ART,,20|130|270,2025-12-11,False,False
589736,ORANGE,5G NR 3500,PRÉ D65B (GENEVRE GRAND RONTET) 01800 ST MAURICE DE GOURDANS,01378,"45.8267,5.1961",Pylône autostable,29m,HIVORY,ART,,130|240|350,2025-10-24,False,False
590004,ORANGE,5G NR 3500,TRAVERSE DE LA PUNTA PRÈS D.81 (CISTERNINO) 02510 ETREUX,2B298,"42.6822,9.3067",Pylône autostable,"28,6m",ORANGE Services Fixes,ART,,60|180|290,2025-11-12,False,False
590254,ORANGE,5G NR 3500,R DU CHÂTEAU D'EAU (LE MOULIN DE MAUCHÊNE) 45520 CHEVILLY,45093,"48.0325,1.8783",Château d'eau - réservoir,40m,"Commune, communauté de commune",ART,,30|150|270,2026-02-02,False,False
591213,ORANGE,5G NR 3500, (CHENAVASSIERE) 01500 AMBRONAY,01007,"45.9958,5.3625",Pylône autostable,31m,HIVORY,ART,,0|120|225,2025-08-14,False,False
597202,ORANGE,"LTE 700, 5G NR 2100",D.258 .E PYLÔNE (MONT-ROBIN) 50410 PERCY EN NORMANDIE,50393,"48.9289,-1.1614",Pylône haubané,64m,TDF,ART,,80|200|320,2025-10-02,False,False
599000,ORANGE,"5G NR 700, 5G NR 3500",R DES OISEAUX 29270 CARHAIX PLOUGUER,29024,"48.2839,-3.5692",Château d'eau - réservoir,"40,2m","Commune, communauté de commune",ART,,80|180|280,2025-12-08,False,False
599923,ORANGE,"LTE 1800, 5G NR 2100", (LE COUSTALOU) 46300 ST CIRQ SOUILLAGUET,46258,"44.7008,1.4583",Pylône autostable,24m,TOTEM,ALL,,90|150|310,2026-09-09,False,False
602733,ORANGE,5G NR 3500, (LES COMMUNAUX) 73800 PORTE DE SAVOIE,73151,"45.4839,6.0314",Pylône autostable,25m,HIVORY,ART,,40|160|260,2025-08-27,False,False
603858,ORANGE,5G NR 3500,D.155 - RTE DE ROYBON (L'ADRET) 38470 VINAY,38559,"45.2122,5.3967",Pylône autostable,25m,TDF,ART,,90|170|350,2026-07-17,False,False
604618,ORANGE,5G NR 3500, (BELLEVUE) 35250 ST AUBIN D AUBIGNE,35251,"48.2669,-1.5961",Pylône autostable,48m,TOTEM,ART,,100|220|340,2026-04-29,False,False
605905,ORANGE,5G NR 3500, (LAUNAY ST SYMPHORIEN) 35630 HEDE BAZOUGES,35130,"48.2925,-1.8106",Pylône autostable,"40,2m",TOTEM,ART,,65|155|330,2026-04-03,False,False
607766,ORANGE,5G NR 3500,8 R DE BLOUX PYLÔNE ORANGE 03320 LURCY LEVIS,03155,"46.7289,2.9472",Pylône autostable,35m,TOTEM,ART,,30|150|270,2025-05-23,False,False
608936,ORANGE,5G NR 3500,27 R PAUL DOUMER 51100 REIMS,51454,"49.2494,4.0264",Immeuble,25m,Société HLM,ART,,55|240|330,2026-06-26,False,False
609318,ORANGE,5G NR 700,CHEM ST-LAZARE (LA MONTAGNE) 45290 NOGENT SUR VERNISSON,45229,"47.8425,2.7458",Château d'eau - réservoir,39m,"Commune, communauté de commune",ALL,,90|190|330,2026-09-17,False,False
609339,ORANGE,5G NR 3500,R CROAZ MEZ AN OTEN LE CHÂTEAU D'EAU 22390 BOURBRIAC,22013,"48.4669,-3.1889",Château d'eau - réservoir,35m,"Syndicat des eaux, Adduction",ALL,,10|125|240,2026-08-31,False,False
614615,ORANGE,5G NR 3500,390 BD  DU 8 MAI 1945 01000 BOURG EN BRESSE,01053,"46.1944,5.2347",Bâtiment,20m,Société HLM,ART,,30|150|270,2026-03-13,False,False
614794,ORANGE,"5G NR 700, 5G NR 3500",AV DU GÉNÉRAL DE GAULLE CH D'EAU 62610 ARDRES,62038,"50.8508,1.9783",Château d'eau - réservoir,34m,"Commune, communauté de commune",ALL,,10|130|270,2026-09-11,False,False
615774,ORANGE,"5G NR 700, 5G NR 3500",15 BD DE LANCELOT 07000 PRIVAS,07186,"44.7308,4.6003",Immeuble,"44,7m","Copropriété, Syndic, SCI",ART,,40|160|290,2025-05-16,False,False
616899,ORANGE,"5G NR 700, 5G NR 3500",CHEM DU SABOT DE LA CURE (LE SABOT DE LA CURE) 38850 BILIEU,38043,"45.4453,5.5494",Pylône autostable,15m,TOTEM,ART,,90|340,2025-06-18,False,False
616936,ORANGE,5G NR 3500,AV. DE L'ABBAYE D.10/N.90 (LES PALISSES) 38920 CROLLES,38140,"45.2761,5.8731",Pylône autostable,24m,TOTEM,ART,,30|120|240,2025-12-02,False,False
617954,ORANGE,5G NR 700,BVD KERGUELEN LA POSTE 29000 QUIMPER,29232,"47.9958,-4.0997",Immeuble,24m,ORANGE,AAV,,30|150|270,2026-09-24,False,False
618238,ORANGE,"LTE 700, LTE 1800, 5G NR 2100",RD 125 (LE CHAMP POURY) 10210 LAGESSE,10185,"48.0194,4.1436",Pylône autostable,40m,SFR,ART,,110|240|350,2025-11-05,False,False
623074,ORANGE,5G NR 3500,CHÂTEAU D'EAU R DE PATAY 28310 JANVILLE EN BEAUCE,28199,"48.1972,1.8803",Château d'eau - réservoir,38m,"Commune, communauté de commune",ART,,90|210|330,2025-10-29,False,False
623100,ORANGE,5G NR 3500,R DES COMTESSES CROISEMENT VOIE FERRÉE / RN (LES NOUES) 45110 CHATEAUNEUF SUR LOIRE,45082,"47.8692,2.2025",Pylône autostable,35m,TOTEM,ART,,60|180|300,2025-08-07,False,False
626481,ORANGE,5G NR 3500,R DE LA COMBE ROSIER (CHAMPS SUR LE RONDEY) 25250 L ISLE SUR LE DOUBS,25315,"47.4372,6.5803",Pylône autostable,35m,ATC FRANCE,ALL,,10,2026-09-02,False,False
628415,ORANGE,5G NR 3500,N. 13 ZONE ARTISANALE (LE HAUT GELÉ) 50310 MONTEBOURG,50341,"49.4892,-1.3939",Pylône autostable,33m,TOTEM,ART,,60|150|270,2025-08-19,False,False
637861,ORANGE,5G NR 700,D.960 - RTE DE SAUMUR STADE RENÉ REULLIER (LE POIRIER DU RENARD) 49560 LYS HAUT LAYON,49373,"47.1478,-0.5181",Pylône autostable,36m,TOTEM,ALL,,30|150|270,2026-09-17,False,False
637873,ORANGE,5G NR 3500,13 CLOS DU BUISSON RÉS. DES POMMARIES 74960 ANNECY,74010,"45.9125,6.1453",Immeuble,35m,Société HLM,ART,,140|270|355,2025-10-29,False,False
640662,ORANGE,LTE 2600,RD146/RD 146B SANEF (AU CHEM DU ROI) 80360 MAUREPAS,80521,"49.9953,2.8558",Pylône autostable,24m,TOTEM,AAV,,70|180|285,2026-09-24,False,False
640726,ORANGE,5G NR 3500,ALLÉE JEAN NAVARRE (LES CLAUX) 05560 VARS,05177,"44.5736,6.6828",Pylône autostable,17m,TOTEM,ALL,,0|180|280,2026-08-24,False,False
642299,ORANGE,"LTE 700, 5G NR 2100",VOIE COMMUNALE N° 134 (L'AUBEPIN) 85170 ST DENIS LA CHEVASSE,85208,"46.8486,-1.4206",Pylône autostable,32m,TOTEM,ART,,0|100|200,2025-05-28,False,False
646781,ORANGE,"5G NR 700, 5G NR 3500",17 R EDITH CAVELL 06400 CANNES,06029,"43.5539,7.015",Immeuble,28m,"Copropriété, Syndic, SCI",ART,,240|359,2025-09-15,False,False
650067,ORANGE,, (PUNTA DI TRAGUNATU) 02840 ATHIES SOUS LAON,2A028,"42.1772,8.7931",Pylône tubulaire,43m,TDF,CHH,40m,,,False,False
660807,ORANGE,5G NR 3500,1 R DE LA MARNE 35400 ST MALO,35288,"48.6386,-2.0075",Bâtiment,"47,1m",Établissement de soins,ART,,10|120|270,2025-12-09,False,False
660858,ORANGE,5G NR 2100, (LES MANISSOLS) 42220 ST JULIEN MOLIN MOLETTE,42246,"45.3164,4.6214",Pylône autostable,"15,2m",TOTEM,ALL,,320,2026-09-09,False,False
663438,ORANGE,5G NR 3500,"119, R DE LA RAUZE BASSE (LA RAUZE BASSE) 34090 MONTPELLIER",34172,"43.5917,3.9028",Immeuble,17m,Particulier,ART,,30|150|270,2026-02-27,False,False
664993,ORANGE,5G NR 3500,LE LONG DE LA D579 (CHARRON) 07200 ST MAURICE D ARDECHE,07272,"44.5258,4.4161",Pylône autostable,"15,6m",TOTEM,ART,,20|240,2026-04-02,False,False
665085,ORANGE,5G NR 3500,14 R TOIRAS RÉSIDENCE OLYMPE 34090 MONTPELLIER,34172,"43.6058,3.8703",Immeuble,21m,"Copropriété, Syndic, SCI",ART,,0|135|240,2025-07-18,False,False
667168,ORANGE,5G NR 3500, (LA VILLE) 44720 ST JOACHIM,44168,"47.3708,-2.1922",Pylône tubulaire,38m,TOTEM,ART,,30|160|300,2025-11-27,False,False
667992,ORANGE,5G NR 3500,5 R DIDEROT 69600 OULLINS PIERRE BENITE,69149,"45.715,4.8103",Immeuble,22m,ORANGE Services Fixes,ART,,140|250|345,2026-07-22,False,False
671255,ORANGE,LTE 700,CHEM RURAL DES CHAMPS DU THEIL (LES CHAUMES) 86700 VALENCE EN POITOU,86082,"46.2792,0.2461",Pylône autostable,33m,ATC FRANCE,ALL,,90|210|340,2026-09-14,False,False
672017,ORANGE,5G NR 2100,CÔTE DE BEAUCAIRE (BEAUCAIRE) 82110 LAUZERTE,82094,"44.2658,1.1172",Pylône autostable,"26,2m",TOTEM,AJO,,120|240,,False,False
672017,ORANGE,LTE 2100,CÔTE DE BEAUCAIRE (BEAUCAIRE) 82110 LAUZERTE,82094,"44.2658,1.1172",Pylône autostable,"26,2m",TOTEM,SUP,,120|240,2024-09-19,False,False
674317,ORANGE,5G NR 3500,R DU 11 NOVEMBRE 1943 LE RELAIS D'AGAY 83700 ST RAPHAEL,83118,"43.4342,6.8586",Immeuble,17m,Société Privée,ART,,80|210,2026-03-26,False,False
674984,ORANGE,5G NR 3500, (LE CLOS DE LA SELLE) 38930 LALLEY,38204,"44.7536,5.6975",Pylône autostable,24m,TDF,ART,,20|270,2025-10-28,False,False
678514,ORANGE,5G NR 3500,CHEM LA COTE DES GRANGES AV DU PRESIDENT KENNEDY (LES GRANGES) 37160 DESCARTES,37115,"46.9808,0.7036",Château d'eau - réservoir,61m,"Syndicat des eaux, Adduction",ART,,50|180|290,2025-07-18,False,False
680064,ORANGE,5G NR 3500,9 R DES ECOLES 34090 MONTPELLIER,34172,"43.6139,3.8789",Bâtiment,18m,Particulier,ART,,30|150|310,2026-07-08,False,False
681669,ORANGE,,ROCHER DE GALZENS CHEM RURAL (LE CAYLA) 81530 VIANE,81314,"43.7311,2.5697",Pylône autostable,26m,TDF,CHH,28m,,,False,False
682687,ORANGE,5G NR 3500,LES BROCARDS (LES MALOSSES) 26730 EYMEUX,26129,"45.0786,5.2042",Château d'eau - réservoir,27m,"Commune, communauté de commune",ART,,0|130|240,2026-06-09,False,False
683046,ORANGE,"5G NR 700, 5G NR 3500",MONTÉE DES SPORTS (LA VOUTE) 07320 ST AGREVE,07204,"45.0106,4.3989",Pylône autostable,30m,TOTEM,ART,,15|150|270,2026-06-19,False,False
683972,ORANGE,5G NR 3500,10 B  R GIRIÉ 69003 LYON 03,69383,"45.7536,4.8756",Bâtiment,16m,Particulier,ART,,0|160|270,2025-06-20,False,False
684302,ORANGE,"5G NR 700, 5G NR 3500",LE TERTRE BINET 61340 VAL AU PERCHE,61484,"48.265,0.6658",Pylône autostable,38m,TOTEM,AJO,,80|200|320,,False,False
684302,ORANGE,"GSM 900, LTE 700",LE TERTRE BINET 61340 VAL AU PERCHE,61484,"48.265,0.6658",Pylône autostable,38m,TOTEM,SUP,,80|200|320,GSM 900: 2001-09-23; LTE 700: 2020-04-07,False,False
686191,ORANGE,"LTE 2100, 5G NR 700, 5G NR 3500",ZONE ARTISANALE (HAMEAU BILLARD) 50880 PONT HEBERT,50409,"49.1733,-1.1369",Pylône autostable,43m,TDF,ALL,,20|145|225,2026-09-10,False,False
688339,ORANGE,5G NR 3500,V.C. N°16 CHANTABOT (LES FROMENTEAUX) 38270 BEAUREPAIRE,38034,"45.3253,5.0536",Pylône autostable,30m,TOTEM,ART,,0|150|260,2025-12-15,False,False
689075,ORANGE,5G NR 3500,R PALAIS GRILLET 69002 LYON 02,69382,"45.7614,4.8353",Bâtiment,31m,Société Privée,ALL,,30|150,2026-08-21,False,False
689097,ORANGE,5G NR 3500,104 R CRILLON 69006 LYON 06,69386,"45.7711,4.8564",Immeuble,39m,"Copropriété, Syndic, SCI",ART,,30|150|290,2026-07-24,False,False
689113,ORANGE,5G NR 3500,R TRAMASSAC ADM : 17 R DE LA BOMBARDE 69005 LYON 05,69385,"45.7617,4.8264",Immeuble,"23,6m","Copropriété, Syndic, SCI",ART,,30|80|180,2026-07-31,False,False
689638,ORANGE,5G NR 3500,11 R GUILLAUME PARADIN 69008 LYON 08,69388,"45.7383,4.8881",Bâtiment,23m,ORANGE,ART,,30|150|270,2025-11-28,False,False
689721,ORANGE,5G NR 3500,29 R BONNEL HÔTEL MERCURE 69003 LYON 03,69383,"45.7619,4.8461",Immeuble,36m,"Copropriété, Syndic, SCI",ART,,23|120|214,2025-12-12,False,False
689763,ORANGE,5G NR 3500,AEROPORT LYON ST EXUPÉRY D.29 69125 COLOMBIER SAUGNIEU,69299,"45.715,5.0733",Pylône autostable,34m,"CCI, Ch Métiers, Port Aut, Aéroport",ART,,15|170|260,2025-12-19,False,False
690733,ORANGE,5G NR 3500,75/85 AV PAUL SANTY 69008 LYON 08,69388,"45.73,4.8761",Immeuble,"32,4m",Société Privée,ART,,30|120|290,2025-10-10,False,False
693032,ORANGE,5G NR 3500, (LA SALCE) 04400 BARCELONNETTE,04019,"44.3992,6.6542",Pylône autostable,20m,TOTEM,ART,,115|180|250,2026-06-17,False,False
694014,ORANGE,5G NR 3500,CORNICHE DE LA MEYJANDE STATION TDF (CARREYRE) 33680 LACANAU,33214,"44.9961,-1.1497",Château d'eau - réservoir,36m,"Commune, communauté de commune",ALL,,80|190,2026-09-10,False,False
696278,ORANGE,5G NR 700,2 AV MAURICE THOREZ 59138 BACHANT,59041,"50.2022,3.8558",Pylône autostable,30m,SNCF Réseau,AAV,,0|120|240,2026-09-25,False,False
705366,ORANGE,"LTE 700, LTE 1800, 5G NR 2100",MAS BARAS (PECH DELMOULY) 46330 LENTILLAC DU CAUSSE,46167,"44.5667,1.6492",Pylône autostable,36m,TOTEM,AJO,,90|260,,False,False
706724,ORANGE,"5G NR 700, 5G NR 3500",PARKING DU STADE MUNICIPAL (PISE) 38300 CULIN,38141,"45.5278,5.2514",Pylône autostable,33m,TOTEM,ART,,120|215|310,5G NR 3500: 2025-07-25; 5G NR 700: 2025-07-28,False,False
707954,ORANGE,5G NR 3500,GARE DE PÉAGE DE NANGY AUTOROUTE BLANCHE 74380 NANGY,74197,"46.1544,6.2942",Pylône autostable,40m,Sociétés d'Autoroutes,ART,,130|210|280,2026-04-10,False,False
707962,ORANGE,5G NR 3500,CHEM D'HUFFIN PYLÔNE ATMB (CHEZ JACQUES) 74160 NEYDENS,74201,"46.1356,6.1083",Pylône autostable,42m,Société Privée,ART,,80|250|315,2026-04-03,False,False
713683,ORANGE,"5G NR 700, 5G NR 3500",AV. MARÉCHAL JOFFRE ET DR FABRE JUAN-LES-PINS LA POSTE 06600 ANTIBES,06004,"43.5703,7.1117",Immeuble,25m,ORANGE Services Fixes,ART,,30|110|310,2025-12-08,False,False
718004,ORANGE,5G NR 3500,R DU TERTRE CHÂTEAU D'EAU (LE TERTRE) 35460 LES PORTES DU COGLAIS,35191,"48.4453,-1.3083",Pylône autostable,30m,TOTEM,ART,,70|180|310,2025-07-11,False,False
72219,ORANGE,5G NR 3500,1 R DU GÉNÉRAL DE GAULLE SQ SEYTRE (LA POSTE) 06620 LE BAR SUR LOUP,06010,"43.7014,6.9886",Bâtiment,11m,"Commune, communauté de commune",ART,,10|95|230,2026-03-30,False,False
726002,ORANGE,"LTE 700, LTE 1800, 5G NR 2100",D.933 PRÈS DU RÉSERVOIR (LES PATIS DES ROQUILLETTES) 51270 FEREBRIANGES,51247,"48.8775,3.8314",Pylône autostable,39m,TOTEM,ART,,45|140|275,2025-12-22,False,False
735317,ORANGE,LTE 700,LE HAUT PATURAL SITE 291 PK 291.580 LIGNE 5000 57420 SOLGNE,57655,"48.9586,6.3078",Pylône autostable,38m,SNCF Réseau,ALL,,80|250|330,2026-09-17,False,False
735663,ORANGE,5G NR 3500,CHEM RURAL 23 (LA CHAUME) 45570 OUZOUER SUR LOIRE,45244,"47.7633,2.49",Pylône autostable,82m,TDF,ART,,90|180|300,2025-07-21,False,False
738271,ORANGE,LTE 2100,EMPRISE LGV PK 48.481 (LES GRANDS BUGNOZ) 25170 MONCLEY,25383,"47.2975,5.9108",Pylône autostable,30m,SNCF Réseau,ALL,,66|250|330,2026-09-10,False,False
740122,ORANGE,5G NR 3500,522 AV JULES GREC VILLA D'ORSAY 06600 ANTIBES,06004,"43.5919,7.1164",Immeuble,16m,"Copropriété, Syndic, SCI",ART,,90|220|320,2026-02-06,False,False
740729,ORANGE,5G NR 2100,AIRE DE REPOS DE VILLIERS A6 SENS PARIS PROVINCE 77760 VILLIERS SOUS GREZ,77520,"48.3125,2.6361",Pylône autostable,50m,Sociétés d'Autoroutes,ART,,40|130|300,2026-04-24,False,False
740751,ORANGE,5G NR 2100,D.766 - STADE MUNICIPAL (LES CARRIÈRES) 37370 BEAUMONT LOUESTAULT,37021,"47.5722,0.6767",Pylône autostable,30m,TOTEM,ALL,,60|180|300,2026-09-10,False,False
740760,ORANGE,5G NR 3500,27 RTE DE BLOU RD.206 49160 LONGUE JUMELLES,49180,"47.3781,-0.1",Château d'eau - réservoir,34m,"Syndicat des eaux, Adduction",ART,,70|160|250|340,2025-06-04,False,False
745028,ORANGE,"LTE 700, 5G NR 2100",RTE DU GROS CERVEAU RESERVOIR SCP DE HUGUENEUVE 83190 OLLIOULES,83090,"43.1542,5.8369",Pylône tubulaire,9m,TOTEM,ART,,5G NR 2100: 340; LTE 700: 20,2026-06-29,False,False
74673,ORANGE,5G NR 2100,D.979 - MAIRIE DE MESTES CHEM RURAL (LA SERRE) 19200 MESTES,19135,"45.4925,2.3117",Pylône autostable,36m,TOTEM,ALL,,30|150|270,2026-09-10,False,False
747989,ORANGE,5G NR 3500,PL DE LA MAIRIE RUE DES FRÈRES GUIGUE LA POSTE / CENTRAL TÉL 84190 VACQUEYRAS,84136,"44.1375,4.9844",Pylône tubulaire,"15,1m",TOTEM,ART,,145|310,2026-01-30,False,False
748009,ORANGE,"LTE 1800, 5G NR 3500",ECHANGEUR A.61 - PÉAGE (ROUZILLES) 11150 BRAM,11049,"43.2386,2.1006",Pylône autostable,40m,Sociétés d'Autoroutes,ALL,,60|150|280,2026-09-11,False,False
748935,ORANGE,"5G NR 700, 5G NR 3500",1 R DE LA MANCHE 31500 TOULOUSE,31555,"43.5825,1.4081",Immeuble,77m,Société Privée,ART,,0|120|240,2026-07-27,False,False
750186,ORANGE,5G NR 3500,4 MONTÉE DE L'ANCIENNE GARE RES LE MIRAPOL 06480 LA COLLE SUR LOUP,06044,"43.6875,7.1053",Immeuble,15m,"Copropriété, Syndic, SCI",ART,,30|125|250,2025-12-12,False,False
752130,ORANGE,LTE 700,D.103 - RTE DE LOUVIGNÉ STADE MUNICIPAL ADM : RTE D'ASTILLÉ 53970 NUILLE SUR VICOIN,53168,"47.9814,-0.7919",Pylône tubulaire,37m,TOTEM,AAV,,30|150|270,2026-09-23,False,False
754391,ORANGE,"LTE 700, 5G NR 2100",CHEM DE BEAUCE (LE CHAMPART) 27320 MARCILLY LA CAMPAGNE,27390,"48.8339,1.1747",Château d'eau - réservoir,45m,"Syndicat des eaux, Adduction",ART,,0|140,2026-06-12,False,False
754590,ORANGE,LTE 700,PYLÔNE SFR (LES GERBOTTES) 03240 CRESSANGES,03092,"46.4394,3.1422",Pylône autostable,45m,HIVORY,AAV,,70|220,2026-09-18,False,False
755138,ORANGE,"5G NR 700, 5G NR 3500",PYLÔNE TDF DE ST VALLIER (LE PAS DE LA FAYE) 06460 ST VALLIER DE THIEY,06130,"43.7103,6.8347",Pylône autostable,30m,TDF,ART,,55|150,2026-07-10,False,False
755154,ORANGE,5G NR 3500,"68, BD CARNOT RÉSIDENCE LE CIRCE 06110 LE CANNET",06030,"43.5728,7.0161",Immeuble,25m,"Copropriété, Syndic, SCI",ART,,70|180|330,2025-12-15,False,False
755171,ORANGE,5G NR 3500,241 AV. DU MARÉCHAL JUIN (L'AUBARÈDE) 06110 LE CANNET,06030,"43.5672,6.9775",Pylône tubulaire,"18,5m",TOTEM,ART,,20|190|295,2025-09-18,False,False
756856,ORANGE,5G NR 3500,R TRAVOT COOPÉRATIVE AGRICOLE C.A.V.A.C. (LE RAITEAU) 85400 LUCON,85128,"46.4625,-1.16",Bâtiment,30m,"Coopérative Agricole, Vinicole",ART,,135|225|300,2025-06-13,False,False
757196,ORANGE,LTE 700,CHEM RURAL N°41 DE L'AITRE MAÇON À LA CORBINIÈRE (RENNES) 72340 LHOMME,72161,"47.7672,0.5453",Pylône autostable,33m,TOTEM,ALL,,130|220|330,2026-09-17,False,False
757390,ORANGE,5G NR 3500,CHEM RURAL RÉSERVOIR LA SABLIÈRE (ST-PIERRE) 07400 LE TEIL,07319,"44.5586,4.6678",Château d'eau - réservoir,"11,2m","Commune, communauté de commune",ART,,100|190,2025-12-26,False,False
760999,ORANGE,5G NR 3500,300 BD DE LA CAPELETTE 13010 MARSEILLE 10,13210,"43.2792,5.4153",Immeuble,29m,"Copropriété, Syndic, SCI",ART,,45|140|280,2025-11-21,False,False
761027,ORANGE,"5G NR 700, 5G NR 3500",10/12 ALLÉE DE LA GRANDE BASTIDE GAZAULX 13012 MARSEILLE 12,13212,"43.2983,5.4367",Immeuble,20m,Société HLM,ART,,0|130|240,2026-06-15,False,False
761041,ORANGE,"5G NR 700, 5G NR 3500",RTE D'ARLES - MAS SUZANNE (LE LUQUIER) 13310 ST MARTIN DE CRAU,13097,"43.6375,4.9425",Pylône autostable,28m,TOTEM,ART,,70|270,2025-12-27,False,False
763532,ORANGE,5G NR 3500,BD  LAMARTINE MAISON DE RETRAITE LE RAYON DU SOLEIL 13600 LA CIOTAT,13028,"43.1806,5.6094",Bâtiment,17m,Établissement de soins,ART,,50|310,2026-04-24,False,False
763573,ORANGE,5G NR 3500,24 R FRANÇOIS SCARAMELLI RÉS LE FLORENCE 13012 MARSEILLE 12,13212,"43.3047,5.4106",Bâtiment,"16,1m","Copropriété, Syndic, SCI",ART,,60|155|300,2025-11-28,False,False
764268,ORANGE,5G NR 3500,R DU CLOS DE VENOIX ADM 17 : 17 R JOSPEH PHILIPPON PARC DES EXPOSITION 14000 CAEN,14118,"49.1694,-0.3792",Pylône tubulaire,"31,9m",HIVORY,ART,,0|130|250,2025-06-05,False,False
767376,ORANGE,5G NR 3500,2 R DES GRANDS MOULINS CSEC 54300 LUNEVILLE,54329,"48.5839,6.4875",Bâtiment,35m,"SDIS, secours, incendie",ALL,,60|180|300,2026-09-10,False,False
767401,ORANGE,5G NR 3500,61 AV DE PONTAILLAC 17200 ROYAN,17306,"45.6219,-1.0389",Bâtiment,"15,7m",Particulier,ART,,0|130|280,2025-05-16,False,False
768318,ORANGE,5G NR 3500,FOYER LOGEMENT LA RESPELIDO (PL PAUL VERNET) 83600 FREJUS,83061,"43.4333,6.7381",Bâtiment,20m,Établissement de soins,ART,,10|180|260,2025-11-27,False,False
773049,ORANGE,5G NR 3500,D 303 (LA CORNE DE CERF) 28410 ABONDANT,28001,"48.7736,1.4367",Château d'eau - réservoir,56m,"Commune, communauté de commune",ART,,20|120|250,2025-06-11,False,False
775282,ORANGE,5G NR 3500,RTE DES MARINES E.S.M. ZONE TECHNIQUE N°1 30240 LE GRAU DU ROI,30133,"43.5153,4.1386",Local technique,26m,"Copropriété, Syndic, SCI",ART,,60|150|240|330,2025-11-28,False,False
784661,ORANGE,5G NR 700,23 R DES CHASSELAS 34500 BEZIERS,34032,"43.3536,3.2144",Bâtiment,10m,Particulier,AJA,,60|300,2026-09-14,False,False
784661,ORANGE,LTE 700,23 R DES CHASSELAS 34500 BEZIERS,34032,"43.3536,3.2144",Bâtiment,10m,Particulier,SUP,,60|300,,False,False
785784,ORANGE,5G NR 3500,25 B  R FRANCIADE 41000 BLOIS,41018,"47.5911,1.3292",Bâtiment,29m,ORANGE Services Fixes,ART,,30|150|270,2025-05-23,False,False
787343,ORANGE,5G NR 3500,CHEM DES SEITES ZONE TECHNIQUE SNCF 38340 VOREPPE,38565,"45.2894,5.6333",Pylône tubulaire,"27,7m",TOTEM,ART,,20|120|260,2025-11-28,False,False
789233,ORANGE,5G NR 3500,R DE LA CROIX BLANCHE / D100 (LE PONT THÉBAUD) 44260 PRINQUIAU,44137,"47.3639,-2.0108",Pylône tubulaire,24m,TOTEM,ART,,10|130|260,2026-08-06,False,False
789696,ORANGE,5G NR 3500,PL DE L' EGLISE EGLISE (CLER) 44360 VIGNEUX DE BRETAGNE,44217,"47.3267,-1.7375",Monument religieux,44m,"Commune, communauté de commune",ART,,30|210|300,2025-10-27,False,False
790553,ORANGE,"5G NR 700, 5G NR 3500",R DE VAULUIZARD (CHÂTEAUGAY) 45330 LE MALESHERBOIS,45191,"48.2906,2.3967",Pylône autostable,47m,TOTEM,ART,,80|200|320,2026-03-23,False,False
794105,ORANGE,5G NR 3500,18 R GABRIEL FAURE 69200 VENISSIEUX,69259,"45.6967,4.8736",Immeuble,22m,Société HLM,ART,,150|285|355,2026-04-03,False,False
799167,ORANGE,"5G NR 700, 5G NR 3500",RD 178 (LE LEZOT) 56240 PLOUAY,56166,"47.9256,-3.3297",Pylône autostable,"43,5m",TOTEM,ART,,20|120|250,2025-12-08,False,False
803940,ORANGE,5G NR 700,50 R DU PORT RÉSIDENCE TOUR CONAN 56100 LORIENT,56121,"47.7475,-3.3606",Immeuble,32m,"Copropriété, Syndic, SCI",ALL,,10|130|250,2026-09-11,False,False
804023,ORANGE,"LTE 1800, 5G NR 2100",CHEM D'EXPLOITATION VERS STADE DE FOOT (IM TIERGARTEN) 67160 DRACHENBRONN BIRLENBACH,67104,"48.9819,7.87",Pylône autostable,36m,TOTEM,ALL,,0|120|270,2026-09-09,False,False
804211,ORANGE,5G NR 700,A.4 - PK 320 - SENS PARIS/STRASBOURG AIRE DE REPOS DE LA CROUÉE 57640 CHARLY ORADOUR,57129,"49.1864,6.2294",Pylône autostable,32m,Sociétés d'Autoroutes,AAV,,65|150|290,2026-09-24,False,False
804245,ORANGE,5G NR 3500,R DE LA GARE FACE AU PARKING N°42  57300 MONDELANGE,57474,"49.2581,6.165",Pylône tubulaire,27m,TOTEM,ART,,60|170|285,2026-07-30,False,False
804311,ORANGE,5G NR 3500,R DU FORT 57050 LONGEVILLE LES METZ,57412,"49.1214,6.1419",Immeuble,"20,5m",ORANGE Services Fixes,ART,,50|130,2025-12-04,False,False
807371,ORANGE,5G NR 3500,PRÈS RÉSERVOIR  (PUY D'ECOUYAT) 63270 VIC LE COMTE,63457,"45.6369,3.235",Pylône autostable,21m,TOTEM,ART,,40|270,2025-10-06,False,False
807470,ORANGE,"LTE 800, 5G NR 700",16 R AMPÈRE BÂTIMENT BOURGOGNE 62221 NOYELLES SOUS LENS,62628,"50.4258,2.8797",Bâtiment,21m,Société HLM,ALL,,30|120|210|300,2026-09-17,False,False
807897,ORANGE,5G NR 3500,11 R MURATORE IMM AUVERGNE HABITAT 63500 ISSOIRE,63178,"45.5467,3.2569",Immeuble,"23,5m",Société HLM,ART,,20|140|260,2026-07-31,False,False
810092,ORANGE,5G NR 3500, (PUNTA POZZO DI BORGO) 02110 AISONVILLE ET BERNOVILLE,2A006,"41.9536,8.7006",Pylône autostable,30m,ORANGE Services Fixes,ART,,20|225,2026-03-13,False,False
810104,ORANGE,5G NR 3500, (PUNTA POZZO DI BORGO) 02110 AISONVILLE ET BERNOVILLE,2A006,"41.9536,8.7003",Pylône autostable,37m,ORANGE Services Fixes,ART,,130,2026-03-13,False,False
810839,ORANGE,5G NR 3500,CIMENTERIE VICAT (MAISOLÉE) 73000 MONTAGNOLE,73160,"45.5394,5.9236",Fût,36m,Société Privée,ART,,190|280,2025-05-26,False,False
810869,ORANGE,LTE 700,78-82 CHEM DE LA TOUR RISSLER 69250 POLEYMIEUX AU MONT D OR,69153,"45.8628,4.7986",Bâtiment,20m,"Commune, communauté de commune",AAV,,165,2026-09-18,False,False
810928,ORANGE,5G NR 3500,"2, R DU PÉRIGORD 68270 WITTENHEIM",68376,"47.8103,7.3072",Pylône autostable,21m,ATC FRANCE,ART,,40|150|240,2025-12-12,False,False
810983,ORANGE,5G NR 3500,CHEM DES COMBES (BEL AIR) 69250 ALBIGNY SUR SAONE,69003,"45.8622,4.8314",Bâtiment,29m,Établissement de soins,ART,,0|90|180,2025-12-04,False,False
811590,ORANGE,5G NR 3500,86 R PASTEUR HOS ST JOSEPH 69007 LYON 07,69387,"45.7492,4.8367",Immeuble,30m,"Ets public, Minist, Synd mixt",ART,,156|268,2025-12-08,False,False
811596,ORANGE,"5G NR 700, 5G NR 3500",89 CHEM DES BRUYÈRES 69300 CALUIRE ET CUIRE,69034,"45.8025,4.8592",Immeuble,22m,Société HLM,ALL,,0|270,2026-09-11,False,False
811775,ORANGE,LTE 2600,STADE GILLES LAFORET 69970 CHAPONNAY,69270,"45.6372,4.9328",Pylône tubulaire,30m,TOTEM,ART,,40|150|240,2026-01-26,False,False
811830,ORANGE,5G NR 3500,DÉPARTEMENT 103E (LE GRAND BUT) 69700 ST ROMAIN EN GIER,69236,"45.5664,4.6958",Pylône autostable,31m,TOTEM,ART,,20|150|270,2025-12-22,False,False
811834,ORANGE,5G NR 3500,VC N°5 DU CHALET (GRANGE CLEARD) 69490 VINDRY SUR TURDINE,69157,"45.8886,4.4614",Pylône autostable,16m,TOTEM,ART,,130|290,2026-03-06,False,False
812965,ORANGE,"5G NR 700, 5G NR 3500",CHEM DU POIRIER (LE POIRIER) 72250 BRETTE LES PINS,72047,"47.9119,0.3286",Pylône autostable,"34,9m",HIVORY,ALL,,90|210|300,2026-09-11,False,False
812977,ORANGE,5G NR 3500,7 CHEM DES TOURTERELLES RÉSIDENCE LES TOURTERELLES 73100 AIX LES BAINS,73008,"45.6975,5.8986",Bâtiment,18m,"Copropriété, Syndic, SCI",ART,,30|150|270,2025-08-14,False,False
813064,ORANGE,5G NR 3500,Z.I. NORD DES LANDIERS BESSEY- PYLONE 73000 CHAMBERY,73065,"45.615,5.8903",Pylône autostable,25m,TOTEM,ART,,30|150|270,2025-09-30,False,False
813074,ORANGE,5G NR 3500,1 BD BERTHOLLET CENTRE HOSPITALIER REINE HORTENSE 73100 AIX LES BAINS,73008,"45.6892,5.9167",Immeuble,34m,Établissement de soins,ART,,80|200|320,2026-04-10,False,False
813416,ORANGE,5G NR 3500,"26, R DE L'ILE DE FRANCE 74100 ANNEMASSE",74012,"46.1903,6.2489",Immeuble,33m,Société HLM,ART,,30|150|270,2025-07-30,False,False
813579,ORANGE,5G NR 3500,PRÈS DU RÉSERVOIR (LE ROSSAT) 74380 ARTHAZ PONT NOTRE DAME,74021,"46.1689,6.2861",Pylône autostable,30m,TOTEM,ART,,30|210|270,2026-03-06,False,False
818117,ORANGE,5G NR 3500,CHEM DES GRAVETTES STADE MUNICIPAL 83220 LE PRADET,83098,"43.1125,6.0133",Pylône tubulaire,25m,"Commune, communauté de commune",ART,,140|230,2025-07-29,False,False
819503,ORANGE,5G NR 3500,N.160 - LIGNE S.N.C.F. Z.I. LA LOUISIÈRE STÉ CAR VEN (LA RAÎNETTE) 85290 MORTAGNE SUR SEVRE,85151,"46.9875,-0.9394",Pylône tubulaire,30m,TOTEM,ART,,70|180|290,2025-11-28,False,False
819918,ORANGE,5G NR 3500,20 R. JACQUARD IMM OPAC 88200 ST ETIENNE LES REMIREMONT,88415,"48.0244,6.6028",Immeuble,17m,Société HLM,ALL,,30|125|290,2026-09-10,False,False
831818,ORANGE,5G NR 3500,Z.I. DES NOËS ENTREPRISE LASSARAT (LES NOËS) 44550 MONTOIR DE BRETAGNE,44103,"47.3264,-2.1311",Pylône autostable,32m,SFR,ART,,55|160|290,2025-12-08,False,False
839553,ORANGE,5G NR 3500,30 R EDOUARD DALLAS 65600 SEMEAC,65417,"43.2228,0.0928",Pylône tubulaire,29m,HIVORY,ART,,0|120|240,2025-11-24,False,False
843812,ORANGE,"LTE 1800, 5G NR 2100",PYLONE ORANGE (PLO DU PEYRAL) 34210 FERRALS LES MONTAGNES,34098,"43.4211,2.6514",Pylône tubulaire,15m,TOTEM,ALL,,70|210|340,2026-09-11,False,False
846783,ORANGE,5G NR 700,CHEM DES ROMAINS 08200 SEDAN,08409,"49.6908,4.9164",Pylône autostable,"26,1m",TOTEM,AAV,,30|200|305,2026-09-24,False,False
860051,ORANGE,5G NR 700,FERME DE BÉVILLE A A4 57530 GLATIGNY,57249,"49.1344,6.3394",Pylône autostable,25m,Sociétés d'Autoroutes,AAV,,70|245|340,2026-09-24,False,False
882670,ORANGE,5G NR 3500,RÉSERVOIR DU CAMP (LES PLAINES) 83330 LE CASTELLET,83035,"43.2592,5.7386",Pylône autostable,18m,TOTEM,ART,,90|240|320,2026-03-27,False,False
883699,ORANGE,5G NR 700,33 R DE L'ERMITAGE - D195 59600 MAUBEUGE,59392,"50.2717,3.945",Pylône tubulaire,21m,TOTEM,ALL,,90|210|330,2026-09-15,False,False
91156,ORANGE,5G NR 3500,PRÈS N.197 HÔT. PASCAL PAOLI (RÉGINIELLA) 02500 ANY MARTIN RIEUX,2B020,"42.6075,8.8756",Immeuble,15m,Particulier,ALL,,60|270,2026-08-31,False,False
93916,ORANGE,5G NR 3500,CHEM DE GENEVRAY AU POYET (LE SERT) 38450 VIF,38545,"45.0325,5.6608",Pylône autostable,"16,4m",TOTEM,ART,,20|215,2025-12-18,False,False
939420,ORANGE,LTE 700,RUE DES VOSGES SILO C.A.C. (SUR LE PONT ES CARSE) 68210 CHAVANNES SUR L ETANG,68065,"47.6464,7.0189",Silo,"45,9m","Coopérative Agricole, Vinicole",ALL,,20|200|290,2026-09-17,False,False
953312,ORANGE,5G NR 3500,ROUTE DE BRAY-EN-VAL STADE MUNICIPAL 45730 ST BENOIT SUR LOIRE,45270,"47.8128,2.3169",Pylône tubulaire,35m,TOTEM,ART,,30|140|250,2025-05-22,False,False
959803,ORANGE,"5G NR 700, 5G NR 3500",21 B  R DU GÉNÉRAL DE GAULLE 62180 VERTON,62849,"50.4008,1.6475",Pylône tubulaire,"13,5m",TOTEM,ALL,,30|150|270,2026-09-11,False,False
969918,ORANGE,5G NR 3500,VOIE COMMUNALE N° 6 (LE RATELARD) 73350 BOZEL,73055,"45.4519,6.6422",Pylône tubulaire,15m,TOTEM,ART,,110|155|200,2026-01-02,False,False
98492,ORANGE,5G NR 2100,PRÈS D.527 (CHATTÉ) 53440 MARCILLE LA VILLE,53144,"48.3561,-0.4817",Pylône autostable,32m,TOTEM,ALL,,70|220|290,2026-09-08,False,False
995223,ORANGE,,5 RUE DU 27E BCA 74960 ANNECY,74010,"45.9086,6.1256",Bâtiment,"29,2m","CCI, Ch Métiers, Port Aut, Aéroport",CHH,28m,,,False,False
